Rank,pairing,confidence,taxon,A,P,Type
phylum,unpaired,High,Spirochaetes,22,3,Abscess
phylum,unpaired,Low,Tenericutes,19,6,Abscess
phylum,unpaired,Low,Synergistetes,20,5,Abscess
phylum,unpaired,Medium,Proteobacteria,4,21,Plaque
genus,unpaired,High,Treponema,22,3,Abscess
genus,unpaired,High,Dialister,21,4,Abscess
genus,unpaired,Medium,Veillonellaceae G1,18,7,Abscess
genus,unpaired,Medium,Lancefieldella,22,3,Abscess
genus,unpaired,Low,Solobacterium,19,6,Abscess
genus,unpaired,Low,Peptostreptococcaceae G4,20,5,Abscess
genus,unpaired,Low,Peptococcus,19,6,Abscess
genus,unpaired,Low,Mycoplasma,19,6,Abscess
genus,unpaired,Low,Lactobacillus,20,5,Abscess
genus,unpaired,Low,Lacticaseibacillus,17,8,Abscess
genus,unpaired,Low,Johnsonella,17,8,Abscess
genus,unpaired,Low,Fretibacterium,20,5,Abscess
genus,unpaired,Low,Bacteroidetes G3,21,4,Abscess
genus,unpaired,Low,Bacteroidales G2,17,8,Abscess
genus,unpaired,High,Leptotrichia,4,21,Plaque
genus,unpaired,High,Corynebacterium,3,22,Plaque
genus,unpaired,Medium,Rothia,4,21,Plaque
genus,unpaired,Medium,Peptidiphaga,7,18,Plaque
genus,unpaired,Medium,Neisseria,7,18,Plaque
genus,unpaired,Medium,Lautropia,4,21,Plaque
genus,unpaired,Medium,Lachnoanaerobaculum,7,18,Plaque
genus,unpaired,Medium,Kingella,5,20,Plaque
genus,unpaired,Medium,Haemophilus,6,19,Plaque
genus,unpaired,Medium,Arachnia,6,19,Plaque
genus,unpaired,Medium,Actinomyces,4,21,Plaque
genus,unpaired,Medium,Abiotrophia,3,22,Plaque
genus,unpaired,Low,Weeksellaceae G1,9,16,Plaque
genus,unpaired,Low,Veillonella,8,17,Plaque
genus,unpaired,Low,Streptococcus,6,19,Plaque
genus,unpaired,Low,Saccharibacteria TM7 G6,12,13,Plaque
genus,unpaired,Low,Riemerella,6,19,Plaque
genus,unpaired,Low,Gracilibacteria GN02 G1,12,13,Plaque
genus,unpaired,Low,Gemella,6,19,Plaque
genus,unpaired,Low,Capnocytophaga,7,18,Plaque
species,unpaired,Medium,Oribacterium sp HMT 078,19,6,Abscess
species,unpaired,Low,Veillonellaceae G1 bacterium HMT 150,20,5,Abscess
species,unpaired,Low,Treponema sp HMT 231,20,5,Abscess
species,unpaired,Low,Treponema socranskii,20,5,Abscess
species,unpaired,Low,Treponema maltophilum,21,4,Abscess
species,unpaired,Low,Treponema lecithinolyticum,20,5,Abscess
species,unpaired,Low,Treponema denticola,19,6,Abscess
species,unpaired,Low,Solobacterium moorei,19,6,Abscess
species,unpaired,Low,Selenomonas sp HMT 134,20,5,Abscess
species,unpaired,Low,Prevotella sp HMT 292,20,5,Abscess
species,unpaired,Low,Prevotella oris,22,3,Abscess
species,unpaired,Low,Prevotella nigrescens,19,6,Abscess
species,unpaired,Low,Porphyromonas endodontalis,21,4,Abscess
species,unpaired,Low,Peptostreptococcaceae G1 Eubacterium infirmum,20,5,Abscess
species,unpaired,Low,Peptococcus sp HMT 167,21,4,Abscess
species,unpaired,Low,Lacticaseibacillus casei,17,8,Abscess
species,unpaired,Low,Johnsonella ignava,17,8,Abscess
species,unpaired,Low,Fretibacterium fastidiosum,20,5,Abscess
species,unpaired,Low,Dialister pneumosintes,19,6,Abscess
species,unpaired,Low,Dialister invisus,20,5,Abscess
species,unpaired,Low,Bacteroidales G2 bacterium HMT 274,17,8,Abscess
species,unpaired,Low,Alloprevotella tannerae,24,1,Abscess
species,unpaired,High,Streptococcus sanguinis,2,23,Plaque
species,unpaired,Medium,Streptococcus oralis subsp dentisani clade 058,4,21,Plaque
species,unpaired,Medium,Rothia aeria,8,17,Plaque
species,unpaired,Medium,Porphyromonas pasteri,7,18,Plaque
species,unpaired,Medium,Leptotrichia buccalis,8,17,Plaque
species,unpaired,Medium,Lautropia mirabilis,4,21,Plaque
species,unpaired,Medium,Haemophilus parainfluenzae,4,21,Plaque
species,unpaired,Medium,Fusobacterium periodonticum,6,19,Plaque
species,unpaired,Medium,Corynebacterium durum,6,19,Plaque
species,unpaired,Medium,Capnocytophaga sputigena,6,19,Plaque
species,unpaired,Medium,Alloprevotella sp HMT 473,11,14,Plaque
species,unpaired,Medium,Actinomyces oris,9,16,Plaque
species,unpaired,Low,Weeksellaceae G1 sp HMT 907,12,13,Plaque
species,unpaired,Low,Streptococcus lactarius,10,15,Plaque
species,unpaired,Low,Streptococcus cristatus clade 578,6,19,Plaque
species,unpaired,Low,Saccharibacteria TM7 G6 bacterium HMT 870,12,13,Plaque
species,unpaired,Low,Rothia dentocariosa,8,17,Plaque
species,unpaired,Low,Riemerella sp HMT 322,6,19,Plaque
species,unpaired,Low,Prevotella melaninogenica,7,18,Plaque
species,unpaired,Low,Porphyromonas catoniae,9,16,Plaque
species,unpaired,Low,Peptidiphaga sp HMT 183,10,15,Plaque
species,unpaired,Low,Neisseria subflava,9,16,Plaque
species,unpaired,Low,Neisseria flava,6,19,Plaque
species,unpaired,Low,Neisseria elongata,7,18,Plaque
species,unpaired,Low,Leptotrichia sp HMT 498,10,15,Plaque
species,unpaired,Low,Leptotrichia sp HMT 215,8,17,Plaque
species,unpaired,Low,Leptotrichia shahii,11,14,Plaque
species,unpaired,Low,Leptotrichia hofstadii,10,15,Plaque
species,unpaired,Low,Lachnoanaerobaculum umeaense,9,16,Plaque
species,unpaired,Low,Kingella oralis,4,21,Plaque
species,unpaired,Low,Granulicatella elegans,7,18,Plaque
species,unpaired,Low,Gemella morbillorum,7,18,Plaque
species,unpaired,Low,Fusobacterium hwasookii,10,15,Plaque
species,unpaired,Low,Corynebacterium matruchotii,4,21,Plaque
species,unpaired,Low,Cardiobacterium hominis,10,15,Plaque
species,unpaired,Low,Capnocytophaga granulosa,6,19,Plaque
species,unpaired,Low,Arachnia propionica,7,18,Plaque
species,unpaired,Low,Alloprevotella sp HMT 914,10,15,Plaque
species,unpaired,Low,Alloprevotella sp HMT 912,14,11,Plaque
species,unpaired,Low,Aggregatibacter sp HMT 458,11,14,Plaque
species,unpaired,Low,Actinomyces massiliensis,7,18,Plaque
species,unpaired,Low,Actinomyces dentalis,14,11,Plaque
species,unpaired,Low,Abiotrophia defectiva,3,22,Plaque
