"","category","subcategory","ID","Description","GeneRatio","BgRatio","RichFactor","FoldEnrichment","zScore","pvalue","p.adjust","qvalue","geneID","Count","group"
"ko01230...1","Metabolism","Global and overview maps","ko01230","Biosynthesis of amino acids","20/72","241/14535",0.0829875518672199,16.753112033195,17.3991337687739,1.62102467467963e-19,1.3292402332373e-17,8.36107463782126e-18,"K00640/K01657/K01754/K01695/K00674/K00641/K01696/K01653/K00052/K01704/K00549/K00826/K00766/K14260/K01649/K01687/K00053/K01703/K01609/K01738",20,"Plaque"
"ko01240...2","Metabolism","Global and overview maps","ko01240","Biosynthesis of cofactors","12/72","380/14535",0.0315789473684211,6.375,7.49108910743309,3.20310327294253e-07,6.56636170953219e-06,4.130317378268e-06,"K00287/K19267/K01845/K01772/K02492/K00254/K00826/K03801/K00963/K01749/K01698/K03635",12,"Plaque"
"ko01210...3","Metabolism","Global and overview maps","ko01210","2-Oxocarboxylic acid metabolism","11/72","117/14535",0.094017094017094,18.9797008547009,13.7769320058383,1.14023726966803e-11,3.11664853709261e-10,1.96040793732398e-10,"K00627/K01653/K00052/K01704/K00826/K00163/K14260/K01649/K01687/K00053/K01703",11,"Plaque"
"ko00290","Metabolism","Amino acid metabolism","ko00290","Valine, leucine and isoleucine biosynthesis","10/72","19/14535",0.526315789473684,106.25,32.3895607413114,4.13679350937293e-19,1.6960853388429e-17,1.06685727346986e-17,"K01754/K01653/K00052/K01704/K00826/K14260/K01649/K01687/K00053/K01703",10,"Plaque"
"ko01200...5","Metabolism","Global and overview maps","ko01200","Carbon metabolism","9/72","382/14535",0.0235602094240838,4.75621727748691,5.24913529999264,0.000107369014507445,0.000978251021067835,0.000615331194253195,"K00297/K00627/K00640/K01754/K00036/K00163/K13788/K01738/K01595",9,"Plaque"
"ko00620...6","Metabolism","Carbohydrate metabolism","ko00620","Pyruvate metabolism","6/72","138/14535",0.0434782608695652,8.77717391304348,6.47671794977118,6.13606892854152e-05,0.000718796645914864,0.000452131394734639,"K00627/K00163/K13788/K01649/K00101/K01595",6,"Plaque"
"ko00400...7","Metabolism","Amino acid metabolism","ko00400","Phenylalanine, tyrosine and tryptophan biosynthesis","5/72","74/14535",0.0675675675675676,13.6402027027027,7.69131092630845,3.20017037802058e-05,0.000437356618329479,0.000275102365829839,"K01657/K01695/K01696/K00766/K01609",5,"Plaque"
"ko00270...8","Metabolism","Amino acid metabolism","ko00270","Cysteine and methionine metabolism","5/72","128/14535",0.0390625,7.8857421875,5.52075656822416,0.000427411804284171,0.0035047767951302,0.00220454509578152,"K00640/K00641/K00549/K00826/K01738",5,"Plaque"
"ko00860","Metabolism","Metabolism of cofactors and vitamins","ko00860","Porphyrin metabolism","5/72","142/14535",0.0352112676056338,7.10827464788732,5.16079607578751,0.000686167019056512,0.00468880796355283,0.00294931438015518,"K01845/K01772/K02492/K01749/K01698",5,"Plaque"
"ko00660","Metabolism","Carbohydrate metabolism","ko00660","C5-Branched dibasic acid metabolism","4/72","29/14535",0.137931034482759,27.8448275862069,10.2097572060444,1.19691978740714e-05,0.000196294845134771,0.000123471725437789,"K01653/K00052/K01704/K01703",4,"Plaque"
"ko00770","Metabolism","Metabolism of cofactors and vitamins","ko00770","Pantothenate and CoA biosynthesis","4/72","45/14535",0.0888888888888889,17.9444444444444,8.03209860584781,7.07259055721866e-05,0.000724940532114913,0.000455995970136466,"K01653/K00826/K01687/K00053",4,"Plaque"
"ko00230","Metabolism","Nucleotide metabolism","ko00230","Purine metabolism","4/72","224/14535",0.0178571428571429,3.60491071428571,2.77211659935695,0.0250135883795071,0.0759671943377622,0.0477842429082201,"K01589/K00526/K01139/K00942",4,"Plaque"
"ko00785...13","Metabolism","Metabolism of cofactors and vitamins","ko00785","Lipoic acid metabolism","3/72","31/14535",0.0967741935483871,19.5362903225806,7.28936013525013,0.000474231812155623,0.00353518259970555,0.00222367069814598,"K00627/K03801/K00163",3,"Plaque"
"ko03060","Genetic Information Processing","Folding, sorting and degradation","ko03060","Protein export","3/72","49/14535",0.0612244897959184,12.359693877551,5.61978965780515,0.00182367933475628,0.0115032081115396,0.00723565080186704,"K03118/K03116/K03117",3,"Plaque"
"ko00670...15","Metabolism","Metabolism of cofactors and vitamins","ko00670","One carbon pool by folate","3/72","65/14535",0.0461538461538462,9.31730769230769,4.74170808597319,0.00408611123886236,0.0239329372561938,0.015054094037914,"K00297/K00560/K00287",3,"Plaque"
"ko00910...16","Metabolism","Energy metabolism","ko00910","Nitrogen metabolism","3/72","70/14535",0.0428571428571429,8.65178571428572,4.52774785302835,0.00503130498784978,0.0257854380627301,0.0162193384476736,"K01673/K04561/K00368",3,"Plaque"
"ko03070","Environmental Information Processing","Membrane transport","ko03070","Bacterial secretion system","3/72","74/14535",0.0405405405405405,8.18412162162162,4.37139454357742,0.00587483799092403,0.0283374538385748,0.017824585854816,"K03118/K03116/K03117",3,"Plaque"
"ko00790","Metabolism","Metabolism of cofactors and vitamins","ko00790","Folate biosynthesis","3/72","84/14535",0.0357142857142857,7.20982142857143,4.02716512460478,0.00833705130555136,0.0341819103527606,0.021500816524843,"K00287/K03635/K03752",3,"Plaque"
"ko00260...19","Metabolism","Amino acid metabolism","ko00260","Glycine, serine and threonine metabolism","3/72","110/14535",0.0272727272727273,5.50568181818182,3.34679093662653,0.0172399996011299,0.0614643464040284,0.0386617840025339,"K01754/K01695/K01696",3,"Plaque"
"ko00240...20","Metabolism","Nucleotide metabolism","ko00240","Pyrimidine metabolism","3/72","114/14535",0.0263157894736842,5.3125,3.26147067787414,0.0189422200714806,0.064719251910892,0.0407091571711644,"K00560/K00526/K00254",3,"Plaque"
"ko01232...21","Metabolism","Global and overview maps","ko01232","Nucleotide metabolism","3/72","123/14535",0.024390243902439,4.92378048780488,3.0833637711248,0.0231022026709985,0.0757752247608751,0.0476634918264811,"K00560/K00526/K00942",3,"Plaque"
"ko00720...22","Metabolism","Energy metabolism","ko00720","Other carbon fixation pathways","3/72","126/14535",0.0238095238095238,4.80654761904762,3.0278144132365,0.0245905990253546,0.0759671943377622,0.0477842429082201,"K00297/K13788/K01595",3,"Plaque"
"ko00920...23","Metabolism","Energy metabolism","ko00920","Sulfur metabolism","3/72","131/14535",0.0229007633587786,4.62309160305344,2.93902336716986,0.0271842606124704,0.0796110489365205,0.0500762695492876,"K00640/K00641/K01738",3,"Plaque"
"ko00966","Metabolism","Biosynthesis of other secondary metabolites","ko00966","Glucosinolate biosynthesis","2/72","21/14535",0.0952380952380952,19.2261904761905,5.89714254576487,0.00478140184230863,0.0257854380627301,0.0162193384476736,"K00826/K01703",2,"Plaque"
"ko04981",NA,NA,"ko04981","Folate transport and metabolism","2/72","24/14535",0.0833333333333333,16.8229166666667,5.47360084224814,0.006224212202925,0.0283547444799917,0.0178354618680307,"K00560/K00287",2,"Plaque"
"ko01523","Human Diseases","Drug resistance: antineoplastic","ko01523","Antifolate resistance","2/72","26/14535",0.0769230769230769,15.5288461538462,5.23152965800558,0.0072826160815164,0.0314302378254918,0.0197699827143659,"K00560/K00287",2,"Plaque"
"ko04122","Genetic Information Processing","Folding, sorting and degradation","ko04122","Sulfur relay system","2/72","29/14535",0.0689655172413793,13.9224137931034,4.91471613739904,0.00901108275005921,0.0351861326430883,0.0221324839475139,"K03635/K03636",2,"Plaque"
"ko01310...28",NA,NA,"ko01310","Nitrogen cycle","2/72","39/14535",0.0512820512820513,10.3525641025641,4.12637354000369,0.0159315592474244,0.0593812662858547,0.0373515025418085,"K04561/K00368",2,"Plaque"
"ko00480","Metabolism","Metabolism of other amino acids","ko00480","Glutathione metabolism","2/72","57/14535",0.0350877192982456,7.08333333333333,3.24679141386723,0.0324146949346139,0.0916553442978737,0.0576522704826163,"K01256/K00036",2,"Plaque"
"ko00900...30","Metabolism","Metabolism of terpenoids and polyketides","ko00900","Terpenoid backbone biosynthesis","2/72","64/14535",0.03125,6.30859375,3.00296202142132,0.0400522648164543,0.109476190498308,0.0688617886317986,"K01823/K01597",2,"Plaque"
"ko00020...31","Metabolism","Carbohydrate metabolism","ko00020","Citrate cycle (TCA cycle)","2/72","70/14535",0.0285714285714286,5.76785714285714,2.82125712195699,0.0470835268777585,0.120651537624256,0.0758912110858608,"K00627/K00163",2,"Plaque"
"ko00250...32","Metabolism","Amino acid metabolism","ko00250","Alanine, aspartate and glutamate metabolism","2/72","70/14535",0.0285714285714286,5.76785714285714,2.82125712195699,0.0470835268777585,0.120651537624256,0.0758912110858608,"K14260/K13821",2,"Plaque"
"ko02060","Environmental Information Processing","Membrane transport","ko02060","Phosphotransferase system (PTS)","2/72","72/14535",0.0277777777777778,5.60763888888889,2.76531827189719,0.0495209139594762,0.122412807830332,0.0769990703939184,"K02770/K02796",2,"Plaque"
"ko00543","Metabolism","Glycan biosynthesis and metabolism","ko00543","Exopolysaccharide biosynthesis","2/72","73/14535",0.0273972602739726,5.53082191780822,2.73812882523681,0.0507565300759911,0.122412807830332,0.0769990703939184,"K00640/K16568",2,"Plaque"
"ko00500...35","Metabolism","Carbohydrate metabolism","ko00500","Starch and sucrose metabolism","2/72","107/14535",0.0186915887850467,3.77336448598131,2.03154012731751,0.0985279499278482,0.215955863294617,0.135838733009451,"K00963/K06896",2,"Plaque"
"ko00010...36","Metabolism","Carbohydrate metabolism","ko00010","Glycolysis / Gluconeogenesis","2/72","108/14535",0.0185185185185185,3.73842592592593,2.01536862251952,0.100077107380432,0.215955863294617,0.135838733009451,"K00627/K00163",2,"Plaque"
"ko00520...37","Metabolism","Carbohydrate metabolism","ko00520","Amino sugar and nucleotide sugar metabolism","2/72","118/14535",0.0169491525423729,3.42161016949153,1.86353442225337,0.115930838543991,0.24375201950275,0.153322836400959,"K00963/K02796",2,"Plaque"
"ko00051...38","Metabolism","Carbohydrate metabolism","ko00051","Fructose and mannose metabolism","2/72","120/14535",0.0166666666666667,3.36458333333333,1.83513305043632,0.119175401906894,0.244309573909132,0.153673544564153,"K02770/K02796",2,"Plaque"
"ko00680","Metabolism","Energy metabolism","ko00680","Methane metabolism","2/72","197/14535",0.0101522842639594,2.0494923857868,1.04640004621641,0.255256102893673,0.410411773280023,0.258153746992569,"K13788/K01595",2,"Plaque"
"ko00190","Metabolism","Energy metabolism","ko00190","Oxidative phosphorylation","2/72","224/14535",0.00892857142857143,1.80245535714286,0.853963939561973,0.304874958530733,0.435676475856342,0.27404553680309,"K01507/K03885",2,"Plaque"
"ko00405","Metabolism","Biosynthesis of other secondary metabolites","ko00405","Phenazine biosynthesis","1/72","16/14535",0.0625,12.6171875,3.28036576362115,0.0764174063518359,0.179035066310016,0.112615125150074,"K01657",1,"Plaque"
"ko00521...42","Metabolism","Biosynthesis of other secondary metabolites","ko00521","Streptomycin biosynthesis","1/72","21/14535",0.0476190476190476,9.61309523809524,2.78679466483402,0.0990948158450934,0.215955863294617,0.135838733009451,"K01092",1,"Plaque"
"ko00430","Metabolism","Metabolism of other amino acids","ko00430","Taurine and hypotaurine metabolism","1/72","29/14535",0.0344827586206897,6.96120689655172,2.26719560307634,0.134241661895365,0.268483323790729,0.168879112525619,"K13788",1,"Plaque"
"ko00450","Metabolism","Metabolism of other amino acids","ko00450","Selenocompound metabolism","1/72","36/14535",0.0277777777777778,5.60763888888889,1.95294626361741,0.163883602562233,0.319963224050074,0.201260564550111,"K00549",1,"Plaque"
"ko00710...45","Metabolism","Energy metabolism","ko00710","Carbon fixation by Calvin cycle","1/72","37/14535",0.027027027027027,5.45608108108108,1.91482695254721,0.168035639296871,0.320440056333568,0.201560497565402,"K01595",1,"Plaque"
"ko00300...46","Metabolism","Amino acid metabolism","ko00300","Lysine biosynthesis","1/72","48/14535",0.0208333333333333,4.20572916666667,1.56959588060643,0.212387404947166,0.394149980088967,0.247924891198452,"K00674",1,"Plaque"
"ko05230...47","Human Diseases","Cancer: overview","ko05230","Central carbon metabolism in cancer","1/72","49/14535",0.0204081632653061,4.11989795918367,1.54345446923326,0.216301818341506,0.394149980088967,0.247924891198452,"K00036",1,"Plaque"
"ko01320",NA,NA,"ko01320","Sulfur cycle","1/72","52/14535",0.0192307692307692,3.88221153846154,1.46902062053335,0.227930315037646,0.406310561588848,0.2555740374564,"K01738",1,"Plaque"
"ko01503","Human Diseases","Drug resistance: antimicrobial","ko01503","Cationic antimicrobial peptide (CAMP) resistance","1/72","54/14535",0.0185185185185185,3.73842592592593,1.42242125740633,0.235587948250337,0.406938680886466,0.255969131751435,"K03673",1,"Plaque"
"ko04070","Environmental Information Processing","Signal transduction","ko04070","Phosphatidylinositol signaling system","1/72","55/14535",0.0181818181818182,3.67045454545454,1.39994794371863,0.239388629676065,0.406938680886466,0.255969131751435,"K01092",1,"Plaque"
"ko04212","Organismal Systems","Aging","ko04212","Longevity regulating pathway","1/72","56/14535",0.0178571428571429,3.60491071428571,1.37799361273183,0.243170675163864,0.406938680886466,0.255969131751435,"K04564",1,"Plaque"
"ko04213","Organismal Systems","Aging","ko04213","Longevity regulating pathway","1/72","58/14535",0.0172413793103448,3.48060344827586,1.33555471746856,0.250679218284611,0.410411773280023,0.258153746992569,"K04564",1,"Plaque"
"ko00130","Metabolism","Metabolism of cofactors and vitamins","ko00130","Ubiquinone and other terpenoid-quinone biosynthesis","1/72","64/14535",0.015625,3.154296875,1.21864132068717,0.272766867285193,0.428090672105862,0.269273978603174,"K19267",1,"Plaque"
"ko00970...54","Genetic Information Processing","Translation","ko00970","Aminoacyl-tRNA biosynthesis","1/72","66/14535",0.0151515151515152,3.05871212121212,1.18270916991566,0.279985763854877,0.428090672105862,0.269273978603174,"K04567",1,"Plaque"
"ko00220","Metabolism","Amino acid metabolism","ko00220","Arginine biosynthesis","1/72","67/14535",0.0149253731343284,3.01305970149254,1.16525087933942,0.283568666958232,0.428090672105862,0.269273978603174,"K14260",1,"Plaque"
"ko04211","Organismal Systems","Aging","ko04211","Longevity regulating pathway","1/72","68/14535",0.0147058823529412,2.96875,1.14811507615242,0.287133987388078,0.428090672105862,0.269273978603174,"K04564",1,"Plaque"
"ko00280","Metabolism","Amino acid metabolism","ko00280","Valine, leucine and isoleucine degradation","1/72","71/14535",0.0140845070422535,2.84330985915493,1.0985325930565,0.297725301364419,0.435676475856342,0.27404553680309,"K00826",1,"Plaque"
"ko04146","Cellular Processes","Transport and catabolism","ko04146","Peroxisome","1/72","74/14535",0.0135135135135135,2.72804054054054,1.05147816084639,0.308161409752047,0.435676475856342,0.27404553680309,"K04564",1,"Plaque"
"ko00562","Metabolism","Carbohydrate metabolism","ko00562","Inositol phosphate metabolism","1/72","79/14535",0.0126582278481013,2.55537974683544,0.978037593677779,0.325216099553182,0.444462002722682,0.279571734703613,"K01092",1,"Plaque"
"ko03018...60","Genetic Information Processing","Folding, sorting and degradation","ko03018","RNA degradation","1/72","79/14535",0.0126582278481013,2.55537974683544,0.978037593677779,0.325216099553182,0.444462002722682,0.279571734703613,"K08300",1,"Plaque"
"ko00052...61","Metabolism","Carbohydrate metabolism","ko00052","Galactose metabolism","1/72","81/14535",0.0123456790123457,2.49228395061728,0.950231855328139,0.331921290812159,0.446189276173722,0.280658209659979,"K00963",1,"Plaque"
"ko03008","Genetic Information Processing","Translation","ko03008","Ribosome biogenesis in eukaryotes","1/72","83/14535",0.0120481927710843,2.43222891566265,0.92324537419894,0.338560770256608,0.447773921952288,0.281654970162543,"K13288",1,"Plaque"
"ko04013","Environmental Information Processing","Signal transduction","ko04013","MAPK signaling pathway","1/72","85/14535",0.0117647058823529,2.375,0.897031864765313,0.345135172889018,0.449223558363484,0.282566808213231,"K04564",1,"Plaque"
"ko02025...64","Cellular Processes","Cellular community - prokaryotes","ko02025","Biofilm formation","1/72","90/14535",0.0111111111111111,2.24305555555556,0.834608211973475,0.36129058118771,0.459798195723512,0.289218377284366,"K01657",1,"Plaque"
"ko00030...65","Metabolism","Carbohydrate metabolism","ko00030","Pentose phosphate pathway","1/72","91/14535",0.010989010989011,2.21840659340659,0.822619177429813,0.36447417953693,0.459798195723512,0.289218377284366,"K00036",1,"Plaque"
"ko00040...66","Metabolism","Carbohydrate metabolism","ko00040","Pentose and glucuronate interconversions","1/72","96/14535",0.0104166666666667,2.10286458333333,0.764925046652463,0.380158946389677,0.472318690968993,0.297093913446478,"K00963",1,"Plaque"
"ko00760","Metabolism","Metabolism of cofactors and vitamins","ko00760","Nicotinate and nicotinamide metabolism","1/72","98/14535",0.0102040816326531,2.05994897959184,0.742829519152842,0.386325415486436,0.472816180147579,0.297406839887437,"K06211",1,"Plaque"
"ko04068","Environmental Information Processing","Signal transduction","ko04068","FoxO signaling pathway","1/72","103/14535",0.00970873786407767,1.95995145631068,0.689817578301245,0.401478165461558,0.480667527670287,0.302345428187986,"K04564",1,"Plaque"
"ko00640","Metabolism","Carbohydrate metabolism","ko00640","Propanoate metabolism","1/72","104/14535",0.00961538461538462,1.94110576923077,0.679573640707016,0.404464139137193,0.480667527670287,0.302345428187986,"K13788",1,"Plaque"
"ko05111...70","Cellular Processes","Cellular community - prokaryotes","ko05111","Biofilm formation","1/72","106/14535",0.00943396226415094,1.90448113207547,0.659422802371551,0.410392085105341,0.480745013980542,0.302394167972356,"K00640",1,"Plaque"
"ko00330","Metabolism","Amino acid metabolism","ko00330","Arginine and proline metabolism","1/72","115/14535",0.00869565217391304,1.7554347826087,0.57384275157357,0.436355762290226,0.493314330497875,0.310300413278509,"K13821",1,"Plaque"
"ko00650...72","Metabolism","Carbohydrate metabolism","ko00650","Butanoate metabolism","1/72","115/14535",0.00869565217391304,1.7554347826087,0.57384275157357,0.436355762290226,0.493314330497875,0.310300413278509,"K01653",1,"Plaque"
"ko00362","Metabolism","Xenobiotics biodegradation and metabolism","ko00362","Benzoate degradation","1/72","116/14535",0.00862068965517241,1.74030172413793,0.564806671004346,0.439170074711523,0.493314330497875,0.310300413278509,"K01607",1,"Plaque"
"ko00541","Metabolism","Glycan biosynthesis and metabolism","ko00541","Biosynthesis of various nucleotide sugars","1/72","135/14535",0.00740740740740741,1.49537037037037,0.407986034950758,0.490084184101655,0.543066258058591,0.341594950511822,"K00963",1,"Plaque"
"ko05415","Human Diseases","Cardiovascular disease","ko05415","Diabetic cardiomyopathy","1/72","160/14535",0.00625,1.26171875,0.234866207502337,0.550189091858008,0.593625072794166,0.37339702910031,"K00036",1,"Plaque"
"ko05417","Human Diseases","Cardiovascular disease","ko05417","Lipid and atherosclerosis","1/72","160/14535",0.00625,1.26171875,0.234866207502337,0.550189091858008,0.593625072794166,0.37339702910031,"K04564",1,"Plaque"
"ko05208...77","Human Diseases","Cancer: overview","ko05208","Chemical carcinogenesis","1/72","175/14535",0.00571428571428571,1.15357142857143,0.144205512276631,0.582839400672885,0.620686115002293,0.390418737292841,"K04564",1,"Plaque"
"ko03010","Genetic Information Processing","Translation","ko03010","Ribosome","1/72","201/14535",0.00497512437810945,1.00435323383085,0.00438486227714637,0.633987653235991,0.666499840581427,0.419236099980615,"K02913",1,"Plaque"
"ko01220","Metabolism","Global and overview maps","ko01220","Degradation of aromatic compounds","1/72","215/14535",0.00465116279069767,0.938953488372093,-0.0636265252258021,0.6589137159779,0.683935755825162,0.430203492110821,"K01607",1,"Plaque"
"ko01250...80","Metabolism","Global and overview maps","ko01250","Biosynthesis of nucleotide sugars","1/72","221/14535",0.00452488687782805,0.913461538461539,-0.0914648936173747,0.669076745272227,0.685803663904032,0.431378427872883,"K00963",1,"Plaque"
"ko05016","Human Diseases","Neurodegenerative disease","ko05016","Huntington disease","1/72","229/14535",0.00436681222707424,0.881550218340611,-0.127474268467653,0.682164254100246,0.690586035015064,0.434386594553763,"K04564",1,"Plaque"
"ko02024","Cellular Processes","Cellular community - prokaryotes","ko02024","Quorum sensing","1/72","283/14535",0.00353356890459364,0.713339222614841,-0.343600049915209,0.758089650099218,0.758089650099218,0.476847148329418,"K01657",1,"Plaque"
"ko02040","Cellular Processes","Cell motility","ko02040","Flagellar assembly","31/72","55/14535",0.563636363636364,113.784090909091,59.1254610272657,4.06400409522233e-60,2.47904249808562e-58,2.05339154284918e-58,"K02399/K02407/K02410/K02396/K02411/K02400/K02387/K02389/K02392/K02556/K02422/K02412/K02419/K02413/K02397/K02416/K02421/K02391/K02420/K02417/K02408/K02414/K02409/K02406/K02390/K02388/K02398/K02405/K02401/K02418/K02415",31,"Abscess"
"ko02030","Cellular Processes","Cell motility","ko02030","Bacterial chemotaxis","10/72","26/14535",0.384615384615385,77.6442307692308,27.5979635367058,2.31476857329665e-17,7.06004414855479e-16,5.8478363956968e-16,"K03412/K03407/K00575/K03408/K02410/K02556/K03409/K02416/K03406/K02417",10,"Abscess"
"ko01200...85","Metabolism","Global and overview maps","ko01200","Carbon metabolism","6/72","382/14535",0.0157068062827225,3.17081151832461,3.03360602667054,0.01152801427922,0.100458410147489,0.0832097271282045,"K03737/K00844/K00874/K00282/K00283/K01006",6,"Abscess"
"ko00900...86","Metabolism","Metabolism of terpenoids and polyketides","ko00900","Terpenoid backbone biosynthesis","3/72","64/14535",0.046875,9.462890625,4.78728272215547,0.0039112879105913,0.0613819208517673,0.0508426609298504,"K12506/K00804/K00919",3,"Abscess"
"ko00670...87","Metabolism","Metabolism of cofactors and vitamins","ko00670","One carbon pool by folate","3/72","65/14535",0.0461538461538462,9.31730769230769,4.74170808597319,0.00408611123886236,0.0613819208517673,0.0508426609298504,"K00282/K00283/K03465",3,"Abscess"
"ko00910...88","Metabolism","Energy metabolism","ko00910","Nitrogen metabolism","3/72","70/14535",0.0428571428571429,8.65178571428572,4.52774785302835,0.00503130498784978,0.0613819208517673,0.0508426609298504,"K00266/K02588/K05601",3,"Abscess"
"ko00010...89","Metabolism","Carbohydrate metabolism","ko00010","Glycolysis / Gluconeogenesis","3/72","108/14535",0.0277777777777778,5.60763888888889,3.39103232724016,0.0164226049408989,0.125222362674354,0.103721715416203,"K03737/K00844/K01006",3,"Abscess"
"ko00240...90","Metabolism","Nucleotide metabolism","ko00240","Pyrimidine metabolism","3/72","114/14535",0.0263157894736842,5.3125,3.26147067787414,0.0189422200714806,0.128386158262257,0.106342288120593,"K02823/K17828/K03465",3,"Abscess"
"ko00270...91","Metabolism","Amino acid metabolism","ko00270","Cysteine and methionine metabolism","3/72","128/14535",0.0234375,4.7314453125,2.99174739004177,0.0256111229543948,0.142025318201644,0.117639607828799,"K23976/K08963/K00899",3,"Abscess"
"ko01230...92","Metabolism","Global and overview maps","ko01230","Biosynthesis of amino acids","3/72","241/14535",0.012448132780083,2.51296680497925,1.6710546952296,0.117263458235082,0.358528181310725,0.296968985382481,"K10206/K00266/K13832",3,"Abscess"
"ko00785...93","Metabolism","Metabolism of cofactors and vitamins","ko00785","Lipoic acid metabolism","2/72","31/14535",0.0645161290322581,13.0241935483871,4.72849073815878,0.0102550474926135,0.100458410147489,0.0832097271282045,"K00282/K00283",2,"Abscess"
"ko00440","Metabolism","Metabolism of other amino acids","ko00440","Phosphonate and phosphinate metabolism","2/72","47/14535",0.0425531914893617,8.59042553191489,3.67739657465846,0.0226596754181101,0.138224020050471,0.11449099158624,"K09459/K23999",2,"Abscess"
"ko02026","Cellular Processes","Cellular community - prokaryotes","ko02026","Biofilm formation","2/72","61/14535",0.0327868852459016,6.61885245901639,3.10275793428392,0.0367017714410012,0.186567338158423,0.154533774488426,"K02398/K02405",2,"Abscess"
"ko00250...96","Metabolism","Amino acid metabolism","ko00250","Alanine, aspartate and glutamate metabolism","2/72","70/14535",0.0285714285714286,5.76785714285714,2.82125712195699,0.0470835268777585,0.220930395349482,0.182996703654446,"K00266/K01779",2,"Abscess"
"ko00998","Metabolism","Biosynthesis of other secondary metabolites","ko00998","Biosynthesis of various antibiotics","2/72","74/14535",0.027027027027027,5.45608108108108,2.71143635221191,0.0520032437450208,0.226585562031876,0.187680879681278,"K09459/K23999",2,"Abscess"
"ko02025...98","Cellular Processes","Cellular community - prokaryotes","ko02025","Biofilm formation","2/72","90/14535",0.0222222222222222,4.48611111111111,2.34063308609321,0.0733514526289483,0.298295907357723,0.247078577276457,"K02398/K02405",2,"Abscess"
"ko00260...99","Metabolism","Amino acid metabolism","ko00260","Glycine, serine and threonine metabolism","2/72","110/14535",0.0181818181818182,3.67045454545454,1.98359614150626,0.103195992391626,0.350966756834495,0.290705855531592,"K00282/K00283",2,"Abscess"
"ko00630","Metabolism","Carbohydrate metabolism","ko00630","Glyoxylate and dicarboxylate metabolism","2/72","119/14535",0.0168067226890756,3.39285714285714,1.84925796644022,0.117550223380566,0.358528181310725,0.296968985382481,"K00282/K00283",2,"Abscess"
"ko00720...101","Metabolism","Energy metabolism","ko00720","Other carbon fixation pathways","2/72","126/14535",0.0158730158730159,3.20436507936508,1.7534020396694,0.129042874562642,0.374838826110531,0.310479096692071,"K03737/K01006",2,"Abscess"
"ko00620...102","Metabolism","Carbohydrate metabolism","ko00620","Pyruvate metabolism","2/72","138/14535",0.0144927536231884,2.92572463768116,1.60371562557809,0.149314712806954,0.41400897641928,0.342923742331759,"K03737/K01006",2,"Abscess"
"ko05131","Human Diseases","Infectious disease: bacterial","ko05131","Shigellosis","2/72","205/14535",0.00975609756097561,1.96951219512195,0.986362935972202,0.269970652532791,0.481996051150637,0.399237453929777,"K00844/K02406",2,"Abscess"
"ko01240...104","Metabolism","Global and overview maps","ko01240","Biosynthesis of cofactors","2/72","380/14535",0.00526315789473684,1.0625,0.0871056872957336,0.5651826348494,0.594416219410576,0.492355108398751,"K02823/K17828",2,"Abscess"
"ko00521...105","Metabolism","Biosynthesis of other secondary metabolites","ko00521","Streptomycin biosynthesis","1/72","21/14535",0.0476190476190476,9.61309523809524,2.78679466483402,0.0990948158450934,0.350966756834495,0.290705855531592,"K00844",1,"Abscess"
"ko04973","Organismal Systems","Digestive system","ko04973","Carbohydrate digestion and absorption","1/72","22/14535",0.0454545454545455,9.17613636363637,2.70776207962174,0.10356396103313,0.350966756834495,0.290705855531592,"K00844",1,"Abscess"
"ko00710...107","Metabolism","Energy metabolism","ko00710","Carbon fixation by Calvin cycle","1/72","37/14535",0.027027027027027,5.45608108108108,1.91482695254721,0.168035639296871,0.42709058321288,0.353759240624992,"K01006",1,"Abscess"
"ko04930","Human Diseases","Endocrine and metabolic disease","ko04930","Type II diabetes mellitus","1/72","37/14535",0.027027027027027,5.45608108108108,1.91482695254721,0.168035639296871,0.42709058321288,0.353759240624992,"K00844",1,"Abscess"
"ko01310...109",NA,NA,"ko01310","Nitrogen cycle","1/72","39/14535",0.0256410256410256,5.17628205128205,1.84258558006334,0.176278810546283,0.428167768641934,0.3546514735947,"K02588",1,"Abscess"
"ko00552","Metabolism","Glycan biosynthesis and metabolism","ko00552","Teichoic acid biosynthesis","1/72","41/14535",0.024390243902439,4.92378048780488,1.77513806196088,0.184441431047237,0.428167768641934,0.3546514735947,"K03429",1,"Abscess"
"ko00625","Metabolism","Xenobiotics biodegradation and metabolism","ko00625","Chloroalkane and chloroalkene degradation","1/72","43/14535",0.0232558139534884,4.69476744186047,1.71193316738441,0.192524276947375,0.428167768641934,0.3546514735947,"K02588",1,"Abscess"
"ko03430","Genetic Information Processing","Replication and repair","ko03430","Mismatch repair","1/72","44/14535",0.0227272727272727,4.58806818181818,1.68177340394147,0.196536024950396,0.428167768641934,0.3546514735947,"K07456",1,"Abscess"
"ko00300...113","Metabolism","Amino acid metabolism","ko00300","Lysine biosynthesis","1/72","48/14535",0.0208333333333333,4.20572916666667,1.56959588060643,0.212387404947166,0.439813697294396,0.364297799312011,"K10206",1,"Abscess"
"ko05230...114","Human Diseases","Cancer: overview","ko05230","Central carbon metabolism in cancer","1/72","49/14535",0.0204081632653061,4.11989795918367,1.54345446923326,0.216301818341506,0.439813697294396,0.364297799312011,"K00844",1,"Abscess"
"ko00470","Metabolism","Metabolism of other amino acids","ko00470","D-Amino acid metabolism","1/72","55/14535",0.0181818181818182,3.67045454545454,1.39994794371863,0.239388629676065,0.471055045491612,0.390175016110395,"K01779",1,"Abscess"
"ko00524","Metabolism","Biosynthesis of other secondary metabolites","ko00524","Neomycin, kanamycin and gentamicin biosynthesis","1/72","58/14535",0.0172413793103448,3.48060344827586,1.33555471746856,0.250679218284611,0.477857259855039,0.395809292028333,"K00844",1,"Abscess"
"ko00970...117","Genetic Information Processing","Translation","ko00970","Aminoacyl-tRNA biosynthesis","1/72","66/14535",0.0151515151515152,3.05871212121212,1.18270916991566,0.279985763854877,0.481996051150637,0.399237453929777,"K04566",1,"Abscess"
"ko01054","Metabolism","Metabolism of terpenoids and polyketides","ko01054","Nonribosomal peptide structures","1/72","66/14535",0.0151515151515152,3.05871212121212,1.18270916991566,0.279985763854877,0.481996051150637,0.399237453929777,"K01779",1,"Abscess"
"ko05134","Human Diseases","Infectious disease: bacterial","ko05134","Legionellosis","1/72","69/14535",0.0144927536231884,2.92572463768116,1.13129048611024,0.290681810219906,0.481996051150637,0.399237453929777,"K02406",1,"Abscess"
"ko00020...120","Metabolism","Carbohydrate metabolism","ko00020","Citrate cycle (TCA cycle)","1/72","70/14535",0.0142857142857143,2.88392857142857,1.11476639088563,0.294212220123416,0.481996051150637,0.399237453929777,"K03737",1,"Abscess"
"ko00400...121","Metabolism","Amino acid metabolism","ko00400","Phenylalanine, tyrosine and tryptophan biosynthesis","1/72","74/14535",0.0135135135135135,2.72804054054054,1.05147816084639,0.308161409752047,0.481996051150637,0.399237453929777,"K13832",1,"Abscess"
"ko00999","Metabolism","Biosynthesis of other secondary metabolites","ko00999","Biosynthesis of various plant secondary metabolites","1/72","74/14535",0.0135135135135135,2.72804054054054,1.05147816084639,0.308161409752047,0.481996051150637,0.399237453929777,"K13832",1,"Abscess"
"ko04066","Environmental Information Processing","Signal transduction","ko04066","HIF-1 signaling pathway","1/72","77/14535",0.012987012987013,2.62175324675325,1.0067129644345,0.318444555370366,0.482076160465279,0.399303808495831,"K00844",1,"Abscess"
"ko03018...124","Genetic Information Processing","Folding, sorting and degradation","ko03018","RNA degradation","1/72","79/14535",0.0126582278481013,2.55537974683544,0.978037593677779,0.325216099553182,0.482076160465279,0.399303808495831,"K18682",1,"Abscess"
"ko00052...125","Metabolism","Carbohydrate metabolism","ko00052","Galactose metabolism","1/72","81/14535",0.0123456790123457,2.49228395061728,0.950231855328139,0.331921290812159,0.482076160465279,0.399303808495831,"K00844",1,"Abscess"
"ko04626","Organismal Systems","Environmental adaptation","ko04626","Plant-pathogen interaction","1/72","87/14535",0.0114942528735632,2.32040229885057,0.87154871045635,0.351645127662393,0.491987364831478,0.407513261637807,"K02406",1,"Abscess"
"ko04910","Organismal Systems","Endocrine system","ko04910","Insulin signaling pathway","1/72","88/14535",0.0113636363636364,2.29403409090909,0.859068610325703,0.354876132009591,0.491987364831478,0.407513261637807,"K00844",1,"Abscess"
"ko00030...128","Metabolism","Carbohydrate metabolism","ko00030","Pentose phosphate pathway","1/72","91/14535",0.010989010989011,2.21840659340659,0.822619177429813,0.36447417953693,0.494064998927839,0.409234166497606,"K00874",1,"Abscess"
"ko00040...129","Metabolism","Carbohydrate metabolism","ko00040","Pentose and glucuronate interconversions","1/72","96/14535",0.0104166666666667,2.10286458333333,0.764925046652463,0.380158946389677,0.497409289777553,0.412004243474073,"K01815",1,"Abscess"
"ko00561","Metabolism","Lipid metabolism","ko00561","Glycerolipid metabolism","1/72","97/14535",0.0103092783505155,2.08118556701031,0.753810566763071,0.383249780648278,0.497409289777553,0.412004243474073,"K03429",1,"Abscess"
"ko05111...131","Cellular Processes","Cellular community - prokaryotes","ko05111","Biofilm formation","1/72","106/14535",0.00943396226415094,1.90448113207547,0.659422802371551,0.410392085105341,0.514558901528102,0.426209271326124,"K02405",1,"Abscess"
"ko00500...132","Metabolism","Carbohydrate metabolism","ko00500","Starch and sucrose metabolism","1/72","107/14535",0.00934579439252336,1.88668224299065,0.649510933712716,0.413334199588147,0.514558901528102,0.426209271326124,"K00844",1,"Abscess"
"ko00650...133","Metabolism","Carbohydrate metabolism","ko00650","Butanoate metabolism","1/72","115/14535",0.00869565217391304,1.7554347826087,0.57384275157357,0.436355762290226,0.517919356151237,0.4289927367603,"K03737",1,"Abscess"
"ko01210...134","Metabolism","Global and overview maps","ko01210","2-Oxocarboxylic acid metabolism","1/72","117/14535",0.00854700854700855,1.72542735042735,0.555858151522027,0.441970529293725,0.517919356151237,0.4289927367603,"K03737",1,"Abscess"
"ko00520...135","Metabolism","Carbohydrate metabolism","ko00520","Amino sugar and nucleotide sugar metabolism","1/72","118/14535",0.00847457627118644,1.71080508474576,0.546995449401579,0.444757193317227,0.517919356151237,0.4289927367603,"K00844",1,"Abscess"
"ko00051...136","Metabolism","Carbohydrate metabolism","ko00051","Fructose and mannose metabolism","1/72","120/14535",0.00833333333333333,1.68229166666667,0.529520770059819,0.450289417201205,0.517919356151237,0.4289927367603,"K00844",1,"Abscess"
"ko01232...137","Metabolism","Global and overview maps","ko01232","Nucleotide metabolism","1/72","123/14535",0.00813008130081301,1.64126016260163,0.503911561662717,0.45848598741257,0.517919356151237,0.4289927367603,"K03465",1,"Abscess"
"ko00920...138","Metabolism","Energy metabolism","ko00920","Sulfur metabolism","1/72","131/14535",0.00763358778625954,1.54103053435114,0.438879707449384,0.479758917889933,0.532096254387017,0.440735465238599,"K06881",1,"Abscess"
"ko04141","Genetic Information Processing","Folding, sorting and degradation","ko04141","Protein processing in endoplasmic reticulum","1/72","145/14535",0.00689655172413793,1.39224137931034,0.334916577579016,0.515021521101938,0.551163382231899,0.456528772167923,"K13993",1,"Abscess"
"ko04621","Organismal Systems","Immune system","ko04621","NOD-like receptor signaling pathway","1/72","145/14535",0.00689655172413793,1.39224137931034,0.334916577579016,0.515021521101938,0.551163382231899,0.456528772167923,"K02406",1,"Abscess"
"ko05208...141","Human Diseases","Cancer: overview","ko05208","Chemical carcinogenesis","1/72","175/14535",0.00571428571428571,1.15357142857143,0.144205512276631,0.582839400672885,0.602596668492304,0.499130976490606,"K07755",1,"Abscess"
"ko05132","Human Diseases","Infectious disease: bacterial","ko05132","Salmonella infection","1/72","217/14535",0.00460829493087558,0.930299539170507,-0.0729884213343659,0.662335130384938,0.669076745272227,0.554196441295373,"K02406",1,"Abscess"
"ko01250...143","Metabolism","Global and overview maps","ko01250","Biosynthesis of nucleotide sugars","1/72","221/14535",0.00452488687782805,0.913461538461539,-0.0914648936173747,0.669076745272227,0.669076745272227,0.554196441295373,"K00844",1,"Abscess"
