Rank,taxon,Maaslin2_coef,Maaslin2_pval,Maaslin2_qval,Maaslin2_value,ANCOMBC2_DFF,ANCOMBC2_LFC,ANCOMBC2_p_val,ANCOMBC2_q_val,ANCOMBC2_passed_SS,Aldex2_Enrichment,Aldex2_EF,Aldex2_padj,confidence,all_positive_or_negative
phylum,Absconditabacteria SR1,1.101631734163077,0.02103728060664041,0.04521541568985325,Plaque,NA,NA,NA,NA,NA,NA,NA,NA,Low,TRUE
phylum,Gracilibacteria GN02,0.9289309594339038,0.02466295401264723,0.04521541568985325,Plaque,NA,NA,NA,NA,NA,NA,NA,NA,Low,TRUE
phylum,Proteobacteria,1.336386338186163,0.004960786442502468,0.018189550289175713,Plaque,TRUE,1.2675292875629478,0.003047664477441825,0.021333651342092776,FALSE,NA,NA,NA,Medium,TRUE
phylum,Spirochaetes,-4.1522871815255655,5.501623806989616e-6,6.0517861876885775e-5,Plaque,TRUE,-2.353296220869527,3.8011609455926743e-6,3.0409287564741394e-5,TRUE,Abscess,-1.1613614858386831,0.0038968855797551958,High,TRUE
phylum,Synergistetes,-2.3183928457531353,8.886626241025003e-4,0.004887644432563751,Plaque,NA,NA,NA,NA,NA,NA,NA,NA,Low,TRUE
phylum,Tenericutes,-1.2230049491501325,0.016989902741871767,0.04521541568985325,Plaque,NA,NA,NA,NA,NA,NA,NA,NA,Low,TRUE
genus,Abiotrophia,2.670208206890201,2.8832189717061188e-5,5.261874623363667e-4,Plaque,NA,NA,NA,NA,NA,Plaque,0.8543374356159396,0.020796891399069456,Medium,TRUE
genus,Absconditabacteria SR1 G1,1.0943156030996286,0.017380858969585564,0.03461610563409563,Plaque,NA,NA,NA,NA,NA,NA,NA,NA,Low,TRUE
genus,Acidipropionibacterium,-0.8213200935687393,0.0238654009397457,0.044671135092344515,Plaque,NA,NA,NA,NA,NA,NA,NA,NA,Low,TRUE
genus,Actinomyces,2.3887843291274837,3.7774417537374955e-4,0.002297943733523643,Plaque,TRUE,1.7521044558169891,8.426682358907017e-6,4.634675297398859e-4,FALSE,Plaque,0.8111925846444947,0.0496681606226935,High,TRUE
genus,Aggregatibacter,1.198544001695186,0.021040473690198434,0.04041985735222331,Plaque,NA,NA,NA,NA,NA,NA,NA,NA,Low,TRUE
genus,Arachnia,1.6621761151229921,0.00302921543809452,0.011638564577942103,Plaque,NA,NA,NA,NA,NA,Plaque,0.7964234496142345,0.04559282254781101,Medium,TRUE
genus,Bacteroidales G2,NA,NA,NA,NA,TRUE,-1.6902954819746592,8.709083171011696e-5,0.004354541585505849,FALSE,NA,NA,NA,Low,TRUE
genus,Bacteroidetes G3,-1.4590749418537448,0.004233346075384642,0.014715917309670421,Plaque,NA,NA,NA,NA,NA,NA,NA,NA,Low,TRUE
genus,Bacteroidetes G5,-1.75714030540956,0.025036507070243786,0.04569162540319491,Plaque,NA,NA,NA,NA,NA,NA,NA,NA,Low,TRUE
genus,Capnocytophaga,1.6619816910976066,0.0019286982872750455,0.007821943053948795,Plaque,NA,NA,NA,NA,NA,NA,NA,NA,Low,TRUE
genus,Cardiobacterium,2.0912313666330746,0.01657432289545763,0.03456930203909735,Plaque,NA,NA,NA,NA,NA,NA,NA,NA,Low,TRUE
genus,Corynebacterium,2.5743000475757007,1.1377131763093562e-4,0.0010381632733822877,Plaque,TRUE,1.3196665717817129,1.5818710361866823e-4,0.007276606766458739,FALSE,Plaque,0.7366423189182735,0.014732448660830988,High,TRUE
genus,Dialister,-3.7239372208624477,1.6924298547576654e-5,4.118245979910319e-4,Plaque,TRUE,-1.8401499866612945,1.290206942529104e-4,0.006063972629886789,TRUE,Abscess,-1.2571983850333688,0.014510821012671413,High,TRUE
genus,Fretibacterium,-2.6474740044761513,9.581875737540984e-4,0.004663179525603279,Plaque,NA,NA,NA,NA,NA,NA,NA,NA,Low,TRUE
genus,Gemella,2.2717119048059207,5.544504540904267e-4,0.002891063082042939,Plaque,NA,NA,NA,NA,NA,NA,NA,NA,Low,TRUE
genus,Gracilibacteria GN02 G1,1.118822554564676,0.00924334859971409,0.024991275843671428,Plaque,NA,NA,NA,NA,NA,NA,NA,NA,Low,TRUE
genus,Granulicatella,1.8080154881738155,0.014077783642323163,0.034255940196319695,Plaque,NA,NA,NA,NA,NA,NA,NA,NA,Low,TRUE
genus,Haemophilus,3.0170062176022063,4.4625963833303656e-5,6.515390719662333e-4,Plaque,NA,NA,NA,NA,NA,Plaque,0.6980688517792162,0.009162521271903921,Medium,TRUE
genus,Johnsonella,NA,NA,NA,NA,TRUE,-1.4481423241501303,1.146941801190394e-4,0.005505320645713891,FALSE,NA,NA,NA,Low,TRUE
genus,Kingella,2.3482823430678645,4.5851313240179094e-4,0.002574727589640826,Plaque,NA,NA,NA,NA,NA,Plaque,0.940575558570135,0.009797656062061141,Medium,TRUE
genus,Lachnoanaerobaculum,2.217820770572391,0.001342133836911663,0.006123485630909462,Plaque,NA,NA,NA,NA,NA,Plaque,0.7602185254023508,0.03728752136529795,Medium,TRUE
genus,Lacticaseibacillus,NA,NA,NA,NA,TRUE,-1.9789701699979005,9.536906470851791e-5,0.004673084170717378,FALSE,NA,NA,NA,Low,TRUE
genus,Lactobacillus,-1.3468277956997847,0.011425699194741071,0.02978843004343208,Plaque,NA,NA,NA,NA,NA,NA,NA,NA,Low,TRUE
genus,Lancefieldella,-2.823679648764912,3.071663755535012e-4,0.002038467765036872,Plaque,NA,NA,NA,NA,NA,Abscess,-1.0517419657743252,0.04116068740576659,Medium,TRUE
genus,Lautropia,2.902693742522638,2.6156718752321382e-6,1.909440468919461e-4,Plaque,NA,NA,NA,NA,NA,Plaque,1.0942908669374953,0.00998592036215335,Medium,TRUE
genus,Leptotrichia,2.712674047542084,8.624759853852047e-5,8.994392419017134e-4,Plaque,TRUE,1.764868889199951,5.646084559266778e-5,0.002879503125226057,FALSE,Plaque,0.9584887737478389,0.02327238648241641,High,TRUE
genus,Mycoplasma,-1.1622028276357956,0.017545149430979977,0.03461610563409563,Plaque,NA,NA,NA,NA,NA,NA,NA,NA,Low,TRUE
genus,Neisseria,3.0915065851837036,2.9313737387253033e-4,0.002038467765036872,Plaque,NA,NA,NA,NA,NA,Plaque,0.6976632540096089,0.04640433015412784,Medium,TRUE
genus,Peptidiphaga,2.274449902602062,0.014604020391705401,0.03439011253530627,Plaque,TRUE,2.060273079666905,2.772339999865381e-5,0.001441616799929998,FALSE,NA,NA,NA,Medium,TRUE
genus,Peptococcus,-1.2263786383130841,0.016052737033549917,0.03456930203909735,Plaque,TRUE,-1.614673385611506,9.549968472175309e-6,5.156982974974666e-4,FALSE,NA,NA,NA,Medium,TRUE
genus,Peptostreptococcaceae G4,-0.9861887327364843,0.01627605051389811,0.03456930203909735,Plaque,NA,NA,NA,NA,NA,NA,NA,NA,Low,TRUE
genus,Riemerella,1.803643917823298,2.2920271487541263e-4,0.0018590886873227912,Plaque,NA,NA,NA,NA,NA,NA,NA,NA,Low,TRUE
genus,Rothia,3.5531711864172144,6.065924074755417e-5,7.380207624285757e-4,Plaque,NA,NA,NA,NA,NA,Plaque,0.8889890543163036,0.0134888817277749,Medium,TRUE
genus,Ruminococcaceae G1,1.1774842184302796,0.00813500773972219,0.023754222599988793,Plaque,NA,NA,NA,NA,NA,NA,NA,NA,Low,TRUE
genus,Saccharibacteria TM7 G1,1.3933662583196766,0.00919943912956342,0.024991275843671428,Plaque,NA,NA,NA,NA,NA,NA,NA,NA,Low,TRUE
genus,Saccharibacteria TM7 G6,1.0954714841345548,0.008049889225527487,0.023754222599988793,Plaque,NA,NA,NA,NA,NA,NA,NA,NA,Low,TRUE
genus,Scardovia,-0.860994695062733,0.015853267144511147,0.03456930203909735,Plaque,NA,NA,NA,NA,NA,NA,NA,NA,Low,TRUE
genus,Schaalia,1.3469961733498337,0.025847157483103234,0.04602054868942771,Plaque,NA,NA,NA,NA,NA,NA,NA,NA,Low,TRUE
genus,Solobacterium,-2.366048488482738,0.005645902168918892,0.01873412992413996,Plaque,NA,NA,NA,NA,NA,NA,NA,NA,Low,TRUE
genus,Streptococcus,1.2077936956648043,0.0060620440281202535,0.01924040061099037,Plaque,NA,NA,NA,NA,NA,NA,NA,NA,Low,TRUE
genus,Treponema,-4.095144959438799,1.6521901230082576e-5,4.118245979910319e-4,Plaque,TRUE,-2.353296220869527,1.2284716563828414e-6,6.879441275743911e-5,TRUE,Abscess,-0.8492012146800518,0.046068589684759666,High,TRUE
genus,Veillonella,1.4503132855681613,0.013668604450930547,0.034255940196319695,Plaque,NA,NA,NA,NA,NA,NA,NA,NA,Low,TRUE
genus,Veillonellaceae G1,-2.044969168527674,0.003760450735453736,0.013725645184406136,Plaque,TRUE,-1.7460299745903656,2.3545001681766602e-5,0.00124788508913363,FALSE,NA,NA,NA,Medium,TRUE
genus,Weeksellaceae G1,1.230185710853532,0.001721179256692978,0.007390946219916906,Plaque,NA,NA,NA,NA,NA,NA,NA,NA,Low,TRUE
species,Abiotrophia defectiva,2.7728777410418406,2.609317313413176e-5,0.0012361359667492733,Plaque,NA,NA,NA,NA,NA,NA,NA,NA,Low,TRUE
species,Absconditabacteria SR1 G1 bacterium HMT 874,1.042405241853699,0.01222046490082036,0.03906845597080448,Plaque,NA,NA,NA,NA,NA,NA,NA,NA,Low,TRUE
species,Actinomyces dentalis,NA,NA,NA,NA,TRUE,1.5008226403765106,3.0804915058240236e-4,0.03665784891930588,FALSE,NA,NA,NA,Low,TRUE
species,Actinomyces massiliensis,1.3751025360862774,0.0012044592430157583,0.010136103590942927,Plaque,NA,NA,NA,NA,NA,NA,NA,NA,Low,TRUE
species,Actinomyces oris,2.4971088586031347,0.00618412856041733,0.02461983257071805,Plaque,TRUE,2.3875159562080204,6.157941691321949e-8,8.43638011711107e-6,FALSE,NA,NA,NA,Medium,TRUE
species,Actinomyces sp HMT 169,1.1710279544651025,0.003811089121386588,0.017921907309900873,Plaque,NA,NA,NA,NA,NA,NA,NA,NA,Low,TRUE
species,Aggregatibacter sp HMT 458,1.016793479175848,0.0034284996862911886,0.017921907309900873,Plaque,TRUE,1.140487068915324,2.5876306880224885e-4,0.03156909439387436,FALSE,NA,NA,NA,Medium,TRUE
species,Alloprevotella rava,-1.1243492205010692,0.009230125586075439,0.033009432180710466,Plaque,NA,NA,NA,NA,NA,NA,NA,NA,Low,TRUE
species,Alloprevotella sp HMT 473,2.3656122986666435,0.0023111163504700985,0.014777137877248204,Plaque,TRUE,2.207219964012769,4.32602660438411e-6,5.840135915918549e-4,FALSE,NA,NA,NA,Medium,TRUE
species,Alloprevotella sp HMT 912,NA,NA,NA,NA,TRUE,1.4692848795238926,2.479271893176275e-4,0.030495044286068182,FALSE,NA,NA,NA,Low,TRUE
species,Alloprevotella sp HMT 914,0.7920635743496341,0.0024663260404047625,0.015305729250747203,Plaque,NA,NA,NA,NA,NA,NA,NA,NA,Low,TRUE
species,Alloprevotella tannerae,-3.3153187538210473,2.731505164652688e-4,0.003921761683329474,Plaque,NA,NA,NA,NA,NA,NA,NA,NA,Low,TRUE
species,Arachnia propionica,1.3164667432800874,0.011148243477584122,0.03733144666293294,Plaque,NA,NA,NA,NA,NA,NA,NA,NA,Low,TRUE
species,Bacteroidales G2 bacterium HMT 274,NA,NA,NA,NA,TRUE,-1.6902954819746592,7.430374675790484e-5,0.00965948707852763,FALSE,NA,NA,NA,Low,TRUE
species,Capnocytophaga granulosa,2.014138944453387,0.0015824820092792962,0.011925132284211838,Plaque,NA,NA,NA,NA,NA,NA,NA,NA,Low,TRUE
species,Capnocytophaga sputigena,2.3422062387279436,1.2471984052469915e-4,0.0029382086118023543,Plaque,NA,NA,NA,NA,NA,Plaque,0.8307361335452347,0.03858191510862405,Medium,TRUE
species,Cardiobacterium hominis,2.1379594177606194,0.0046662853942354456,0.019766339286102236,Plaque,NA,NA,NA,NA,NA,NA,NA,NA,Low,TRUE
species,Corynebacterium durum,2.087208929420035,2.5362726655451807e-4,0.003921761683329474,Plaque,TRUE,1.3636975758024144,3.0282236949968314e-4,0.03633868433996198,FALSE,NA,NA,NA,Medium,TRUE
species,Corynebacterium matruchotii,1.8808366967793653,6.33306922896073e-4,0.007423764485059521,Plaque,NA,NA,NA,NA,NA,NA,NA,NA,Low,TRUE
species,Dialister invisus,-3.5187231332807607,8.775701623655112e-5,0.002645247203701755,Plaque,NA,NA,NA,NA,NA,NA,NA,NA,Low,TRUE
species,Dialister pneumosintes,-2.195810011667202,0.003500924789040807,0.017921907309900873,Plaque,NA,NA,NA,NA,NA,NA,NA,NA,Low,TRUE
species,Fretibacterium fastidiosum,-1.7576750257794007,0.005057611381340395,0.020924627479663206,Plaque,NA,NA,NA,NA,NA,NA,NA,NA,Low,TRUE
species,Fusobacterium hwasookii,NA,NA,NA,NA,TRUE,1.9675481664683128,2.4400317680566515e-5,0.00322084193383478,FALSE,NA,NA,NA,Low,TRUE
species,Fusobacterium nucleatum,-1.3191602729827494,0.01609620733969503,0.04558114060558942,Plaque,NA,NA,NA,NA,NA,NA,NA,NA,Low,TRUE
species,Fusobacterium periodonticum,3.621618398743578,8.041122792732984e-6,6.122175897633252e-4,Plaque,NA,NA,NA,NA,NA,Plaque,1.5127069228767522,0.010529094218576545,Medium,TRUE
species,Gemella morbillorum,1.3885471882735083,2.614582577112529e-4,0.003921761683329474,Plaque,NA,NA,NA,NA,NA,NA,NA,NA,Low,TRUE
species,Granulicatella elegans,1.7637574883278777,0.0014054519841344099,0.010983346987124462,Plaque,NA,NA,NA,NA,NA,NA,NA,NA,Low,TRUE
species,Haemophilus parainfluenzae,2.6770028623266238,2.92923214869496e-5,0.0012361359667492733,Plaque,NA,NA,NA,NA,NA,Plaque,0.7548975057132516,0.04663496910905083,Medium,TRUE
species,Haemophilus sp HMT 036,1.587365051307059,0.0038222077201210394,0.017921907309900873,Plaque,NA,NA,NA,NA,NA,NA,NA,NA,Low,TRUE
species,Johnsonella ignava,NA,NA,NA,NA,TRUE,-1.4481423241501303,9.111653933155806e-5,0.011662917034439432,FALSE,NA,NA,NA,Low,TRUE
species,Kingella oralis,2.055107497384845,2.975217850711049e-4,0.003923568540625195,Plaque,NA,NA,NA,NA,NA,NA,NA,NA,Low,TRUE
species,Lachnoanaerobaculum umeaense,1.0572575389218593,0.004116763975351497,0.018883417365199263,Plaque,NA,NA,NA,NA,NA,NA,NA,NA,Low,TRUE
species,Lacticaseibacillus casei,NA,NA,NA,NA,TRUE,-2.4126587256352092,1.9722734957452477e-5,0.0026231237493411796,FALSE,NA,NA,NA,Low,TRUE
species,Lautropia mirabilis,2.7459065574654806,8.704515494265287e-6,6.122175897633252e-4,Plaque,NA,NA,NA,NA,NA,Plaque,0.9643967731019308,0.04291331112031676,Medium,TRUE
species,Leptotrichia buccalis,1.4162391145568518,2.787982239333749e-4,0.003921761683329474,Plaque,TRUE,1.2027533446736556,4.1365478003948294e-4,0.048811264044658985,FALSE,NA,NA,NA,Medium,TRUE
species,Leptotrichia hofstadii,1.3757371243403564,0.0016510900590350768,0.01201310353297935,Plaque,NA,NA,NA,NA,NA,NA,NA,NA,Low,TRUE
species,Leptotrichia shahii,2.4540111656846606,0.0038050115501644553,0.017921907309900873,Plaque,TRUE,2.002698779264925,1.2549079995350352e-5,0.001681576719376947,FALSE,NA,NA,NA,Medium,TRUE
species,Leptotrichia sp HMT 215,1.204285923958854,0.004456540034419877,0.019766339286102236,Plaque,NA,NA,NA,NA,NA,NA,NA,NA,Low,TRUE
species,Leptotrichia sp HMT 392,0.6972997226632593,0.012127387264911353,0.03906845597080448,Plaque,NA,NA,NA,NA,NA,NA,NA,NA,Low,TRUE
species,Leptotrichia sp HMT 498,1.1687340071502046,7.996674345753924e-4,0.008034753747400371,Plaque,NA,NA,NA,NA,NA,NA,NA,NA,Low,TRUE
species,Mycoplasma salivarium,-1.284426794771789,0.015841976599915403,0.04558114060558942,Plaque,NA,NA,NA,NA,NA,NA,NA,NA,Low,TRUE
species,Neisseria elongata,1.756389020592977,0.0017927464421494362,0.012205841377754484,Plaque,NA,NA,NA,NA,NA,NA,NA,NA,Low,TRUE
species,Neisseria flava,2.91481513392385,5.1456407920008776e-5,0.0018095503451869752,Plaque,NA,NA,NA,NA,NA,NA,NA,NA,Low,TRUE
species,Neisseria perflava,1.7775966521315885,0.016770687275040625,0.04656072388202068,Plaque,NA,NA,NA,NA,NA,NA,NA,NA,Low,TRUE
species,Neisseria subflava,2.886809199245357,0.0012489985467512613,0.010136103590942927,Plaque,NA,NA,NA,NA,NA,NA,NA,NA,Low,TRUE
species,Oribacterium sp HMT 078,-3.064006441270321,1.253264336787734e-4,0.0029382086118023543,Plaque,TRUE,-1.461320252401455,1.7769651584066982e-4,0.022212064480083726,FALSE,NA,NA,NA,Medium,TRUE
species,Peptidiphaga sp HMT 183,1.9433675168219582,0.01478822313837999,0.044575929745688254,Plaque,TRUE,2.5947078455893244,9.839578355605307e-7,1.3381826563623218e-4,FALSE,NA,NA,NA,Medium,TRUE
species,Peptococcus sp HMT 167,-1.5744956229135076,0.0028908541982902757,0.016485682049709408,Plaque,NA,NA,NA,NA,NA,NA,NA,NA,Low,TRUE
species,Peptostreptococcaceae G1 Eubacterium infirmum,-1.7008130326824122,0.003593709838227242,0.017921907309900873,Plaque,NA,NA,NA,NA,NA,NA,NA,NA,Low,TRUE
species,Peptostreptococcaceae G4 bacterium HMT 369,-1.0983758986273078,0.01620182722947491,0.04558114060558942,Plaque,NA,NA,NA,NA,NA,NA,NA,NA,Low,TRUE
species,Porphyromonas catoniae,NA,NA,NA,NA,TRUE,1.097137989885914,2.976023873003123e-4,0.036009888863337794,FALSE,NA,NA,NA,Low,TRUE
species,Porphyromonas endodontalis,-2.1419812611991778,0.0036544602699908903,0.017921907309900873,Plaque,NA,NA,NA,NA,NA,NA,NA,NA,Low,TRUE
species,Porphyromonas pasteri,2.454560234121252,6.960067497179884e-4,0.00772933811528924,Plaque,TRUE,1.407025194184439,2.0324526977733606e-4,0.02520241345238967,FALSE,NA,NA,NA,Medium,TRUE
species,Porphyromonas sp HMT 930,1.5929192971175297,0.007224149065049281,0.027219561655810683,Plaque,NA,NA,NA,NA,NA,NA,NA,NA,Low,TRUE
species,Prevotella melaninogenica,1.5296207835185411,0.010672734342821863,0.03632172494089376,Plaque,NA,NA,NA,NA,NA,NA,NA,NA,Low,TRUE
species,Prevotella nigrescens,-2.3057813895353165,0.01275322575574461,0.040163143797941975,Plaque,TRUE,-1.6226901028242489,1.7322539245880948e-4,0.021826399449809995,FALSE,NA,NA,NA,Medium,TRUE
species,Prevotella oris,-3.1716276328009836,3.790444718234802e-4,0.004704610797338489,Plaque,NA,NA,NA,NA,NA,NA,NA,NA,Low,TRUE
species,Prevotella pleuritidis,-1.3616549079588833,0.01360120270713453,0.042203731929490965,Plaque,NA,NA,NA,NA,NA,NA,NA,NA,Low,TRUE
species,Prevotella sp HMT 292,-2.466376958205288,0.001245234645473248,0.010136103590942927,Plaque,NA,NA,NA,NA,NA,NA,NA,NA,Low,TRUE
species,Prevotella sp HMT 315,-0.6144064302091179,0.015354743144795941,0.044997927827110325,Plaque,NA,NA,NA,NA,NA,NA,NA,NA,Low,TRUE
species,Riemerella sp HMT 322,1.706346729587085,2.3357188433921434e-4,0.003921761683329474,Plaque,NA,NA,NA,NA,NA,NA,NA,NA,Low,TRUE
species,Rothia aeria,2.4684467648840687,2.4660809211899033e-4,0.003921761683329474,Plaque,TRUE,1.3597526697651665,9.242630315246766e-5,0.011738140500363392,FALSE,NA,NA,NA,Medium,TRUE
species,Rothia dentocariosa,2.56330001788377,0.0018511228629769835,0.012205841377754484,Plaque,NA,NA,NA,NA,NA,NA,NA,NA,Low,TRUE
species,Ruminococcaceae G1 bacterium HMT 075,1.2415765194167685,0.008059153980216938,0.029833008593434632,Plaque,NA,NA,NA,NA,NA,NA,NA,NA,Low,TRUE
species,Saccharibacteria TM7 G1 bacterium HMT 348,0.9760031935989854,0.008835901999604039,0.032144402102007794,Plaque,NA,NA,NA,NA,NA,NA,NA,NA,Low,TRUE
species,Saccharibacteria TM7 G6 bacterium HMT 870,1.109031733560713,0.01132328240013132,0.03733144666293294,Plaque,NA,NA,NA,NA,NA,NA,NA,NA,Low,TRUE
species,Schaalia sp HMT 178,0.8703376930058221,0.015236974308324104,0.044997927827110325,Plaque,NA,NA,NA,NA,NA,NA,NA,NA,Low,TRUE
species,Selenomonas sp HMT 134,-0.564060549129814,0.006473205596198341,0.02529345149625648,Plaque,NA,NA,NA,NA,NA,NA,NA,NA,Low,TRUE
species,Selenomonas sp HMT 137,0.6087691681340919,0.010245793131432108,0.03544036640544549,Plaque,NA,NA,NA,NA,NA,NA,NA,NA,Low,TRUE
species,Solobacterium moorei,-2.6649380789438295,0.002797036865703912,0.016485682049709408,Plaque,NA,NA,NA,NA,NA,NA,NA,NA,Low,TRUE
species,Streptococcus constellatus,-1.16874028694211,0.010231229080552465,0.03544036640544549,Plaque,NA,NA,NA,NA,NA,NA,NA,NA,Low,TRUE
species,Streptococcus cristatus clade 578,3.630891115604221,7.858912380960145e-4,0.008034753747400371,Plaque,NA,NA,NA,NA,NA,NA,NA,NA,Low,TRUE
species,Streptococcus lactarius,1.637332270428544,0.0055263740212721044,0.022424325355546424,Plaque,NA,NA,NA,NA,NA,NA,NA,NA,Low,TRUE
species,Streptococcus oralis subsp dentisani clade 058,1.883067401657256,9.210771970630089e-4,0.008833967662740676,Plaque,TRUE,1.7318919854075057,7.499464700926194e-5,0.009674309464194791,FALSE,NA,NA,NA,Medium,TRUE
species,Streptococcus sanguinis,2.6489223905803905,1.7579379056987288e-6,3.709248981024318e-4,Plaque,TRUE,1.5283102956416745,4.866868724662321e-5,0.006375598029307641,FALSE,Plaque,1.0658840547438413,0.012194438399356695,High,TRUE
species,Tannerella forsythia,-0.7044740933217442,0.017176279191666796,0.04701566075856843,Plaque,NA,NA,NA,NA,NA,NA,NA,NA,Low,TRUE
species,Treponema denticola,-1.632022367786242,0.00466157865398317,0.019766339286102236,Plaque,NA,NA,NA,NA,NA,NA,NA,NA,Low,TRUE
species,Treponema lecithinolyticum,-2.0522534540322392,0.004683966655474464,0.019766339286102236,Plaque,NA,NA,NA,NA,NA,NA,NA,NA,Low,TRUE
species,Treponema maltophilum,-2.3006884423179663,0.00180263909037394,0.012205841377754484,Plaque,NA,NA,NA,NA,NA,NA,NA,NA,Low,TRUE
species,Treponema socranskii,-2.1036546674907104,0.002864367252000403,0.016485682049709408,Plaque,NA,NA,NA,NA,NA,NA,NA,NA,Low,TRUE
species,Treponema sp HMT 231,-1.7452322068700408,0.001176230657282035,0.010136103590942927,Plaque,NA,NA,NA,NA,NA,NA,NA,NA,Low,TRUE
species,Treponema sp HMT 237,-1.371530279215415,0.017380196868096387,0.04701566075856843,Plaque,NA,NA,NA,NA,NA,NA,NA,NA,Low,TRUE
species,Veillonella sp HMT 780,1.2644256466191734,0.013836112287001516,0.042310430326917677,Plaque,NA,NA,NA,NA,NA,NA,NA,NA,Low,TRUE
species,Veillonellaceae G1 bacterium HMT 150,-1.4137329338467606,0.003132964383296407,0.017396196970408995,Plaque,NA,NA,NA,NA,NA,NA,NA,NA,Low,TRUE
species,Weeksellaceae G1 sp HMT 907,1.4218779460415165,0.006891351542106462,0.026437730461535698,Plaque,NA,NA,NA,NA,NA,NA,NA,NA,Low,TRUE
