Taxon,pval,FDR
g__Streptococcus_s__sanguinis,3.4250342451541162e-6,0.0015138651363581193
g__Alloprevotella_s__tannerae,1.1918362204376372e-5,0.002633958047167178
g__Dialister_s__invisus,8.146145376709993e-5,0.008682227740600637
g__Oribacterium_s__sp._HMT_078,8.94775126292096e-5,0.008682227740600637
g__Veillonellaceae_[G-1]_s__bacterium_HMT_150,9.821524593439635e-5,0.008682227740600637
g__Lautropia_s__mirabilis,1.4161973311009742e-4,0.00935866819154181
g__Prevotella_s__oris,1.5493290006202338e-4,0.00935866819154181
g__Fusobacterium_s__periodonticum,1.6938765957541738e-4,0.00935866819154181
g__Haemophilus_s__parainfluenzae,2.2051037006713776e-4,0.009662572726535076
g__Porphyromonas_s__endodontalis,2.4047126694996796e-4,0.009662572726535076
g__Kingella_s__oralis,2.4047126694996796e-4,0.009662572726535076
g__Capnocytophaga_s__sputigena,2.854449275169673e-4,0.009809474829178245
g__Prevotella_s__sp._HMT_292,3.1070734753053264e-4,0.009809474829178245
g__Selenomonas_s__sp._HMT_134,3.1070734753053264e-4,0.009809474829178245
g__Treponema_s__sp._HMT_231,3.379998627649952e-4,0.00995972928947519
g__Peptostreptococcaceae_[G-1]_s__[Eubacterium]_infirmum,3.674679006375477e-4,0.010151300755112254
g__Abiotrophia_s__defectiva,5.103273136638804e-4,0.013268510155260892
g__Streptococcus_s__cristatus_clade_578,5.531847267613154e-4,0.0135837582904723
g__Neisseria_s__flava,5.99295319679563e-4,0.013941501647282466
g__Peptococcus_s__sp._HMT_167,0.0010331526440727243,0.022832673434007206
g__Porphyromonas_s__pasteri,0.0011142746984871194,0.023452829368157468
g__Lancefieldella_s__rimae,0.0012011149835339729,0.023687434790169257
g__Treponema_s__maltophilum,0.0013933785170687797,0.023687434790169257
g__Fretibacterium_s__fastidiosum,0.0013933785170687797,0.023687434790169257
g__Fretibacterium_s__sp._HMT_360,0.001294026068346967,0.023687434790169257
g__Peptostreptococcaceae_[G-4]_s__bacterium_HMT_369,0.0013933785170687797,0.023687434790169257
g__Corynebacterium_s__matruchotii,0.001612984914176526,0.026405160446889796
g__Dialister_s__pneumosintes,0.001734077025363713,0.0273736444718129
g__Streptococcus_s__oralis_subsp._dentisani_clade_058,0.0018632882667641182,0.028399083238266905
g__Tannerella_s__forsythia,0.002001090585389794,0.028531678669106095
g__Fretibacterium_s__sp._HMT_359,0.002001090585389794,0.028531678669106095
g__Acidipropionibacterium_s__acidifaciens,0.0023044688484383517,0.031830475969054736
g__Solobacterium_s__moorei,0.0030376665958254754,0.03948966574573118
g__Olsenella_s__uli,0.0030376665958254754,0.03948966574573118
g__Lancefieldella_s__sp._HMT_199,0.0032508010811130466,0.04105297365291333
g__Neisseria_s__elongata,0.0034771743516668215,0.04269197398435375
g__Veillonellaceae_[G-1]_s__bacterium_HMT_145,0.004242890948427746,0.049351521031712205
g__Prevotella_s__sp._HMT_315,0.004242890948427746,0.049351521031712205
g__Mycoplasma_s__salivarium,0.004529533776882516,0.051334716138001855
g__Treponema_s__lecithinolyticum,0.004833225451290424,0.053407141236759194
g__Selenomonas_s__sputigena,0.005495214384340971,0.0578305894733026
g__Rothia_s__aeria,0.005495214384340971,0.0578305894733026
g__Corynebacterium_s__durum,0.0058553248315953805,0.060187292455003684
g__Treponema_s__socranskii,0.006638569349900539,0.06113015943033413
g__Leptotrichia_s__sp._HMT_215,0.006236111932033058,0.06113015943033413
g__Actinomyces_s__massiliensis,0.006638569349900539,0.06113015943033413
g__Fretibacterium_s__sp._HMT_358,0.006638569349900539,0.06113015943033413
g__Peptostreptococcaceae_[G-2]_s__bacterium_HMT_091,0.006236111932033058,0.06113015943033413
g__Granulicatella_s__elegans,0.0070637265600153815,0.0612189635201333
g__Mogibacterium_s__timidum,0.0070637265600153815,0.0612189635201333
g__Bacteroidetes_[G-3]_s__bacterium_HMT_281,0.0070637265600153815,0.0612189635201333
g__Filifactor_s__alocis,0.007512649923150615,0.06385752434678023
g__Veillonella_s__dispar,0.007986442889546141,0.06537051402184064
g__Treponema_s__denticola,0.007986442889546141,0.06537051402184064
g__Prevotella_s__pleuritidis,0.008486247030436106,0.06580563486759226
g__Bacteroidetes_[G-3]_s__bacterium_HMT_899,0.008486247030436106,0.06580563486759226
g__Slackia_s__exigua,0.008486247030436106,0.06580563486759226
g__Tannerella_s__sp._HMT_808,0.01015372105430132,0.07479907843335305
g__Prevotella_s__baroniae,0.01015372105430132,0.07479907843335305
g__Lachnospiraceae_[G-7]_s__bacterium_HMT_163,0.01015372105430132,0.07479907843335305
g__Alloprevotella_s__rava,0.01076976176197997,0.07677797901282495
g__Streptococcus_s__constellatus,0.01076976176197997,0.07677797901282495
g__Parascardovia_s__denticolens,0.01141810830693827,0.07885631049479243
g__Lactobacillus_s__gasseri,0.01141810830693827,0.07885631049479243
g__Prevotella_s__nigrescens,0.013570986844041186,0.08105913763602979
g__Cardiobacterium_s__hominis,0.012100140539276742,0.08105913763602979
g__Gemella_s__morbillorum,0.012817279225108776,0.08105913763602979
g__Treponema_s__sp._HMT_234,0.012817279225108776,0.08105913763602979
g__Treponema_s__sp._HMT_237,0.013570986844041186,0.08105913763602979
g__Treponema_s__sp._HMT_951,0.012817279225108776,0.08105913763602979
g__Prevotella_s__sp._HMT_443,0.013570986844041186,0.08105913763602979
g__Peptostreptococcaceae_[G-6]_s__[Eubacterium]_nodatum,0.013570986844041186,0.08105913763602979
g__Veillonellaceae_[G-1]_s__bacterium_HMT_135,0.013570986844041186,0.08105913763602979
g__Prevotella_s__enoeca,0.013570986844041186,0.08105913763602979
g__Megasphaera_s__micronuciformis,0.014362767324845118,0.08244601503352653
g__Arachnia_s__propionica,0.014362767324845118,0.08244601503352653
g__Veillonellaceae_[G-1]_s__bacterium_HMT_129,0.014362767324845118,0.08244601503352653
g__Fusobacterium_s__nucleatum,0.016066773015111866,0.08935880509821836
g__Bacteroidetes_[G-5]_s__bacterium_HMT_511,0.01698221635350756,0.08935880509821836
g__Porphyromonas_s__sp._HMT_930,0.01698221635350756,0.08935880509821836
g__Neisseria_s__subflava,0.01698221635350756,0.08935880509821836
g__Leptotrichia_s__sp._HMT_879,0.01698221635350756,0.08935880509821836
g__Erysipelotrichaceae_[G-1]_s__bacterium_HMT_905,0.01698221635350756,0.08935880509821836
g__Roseomonas_s__mucosa,0.01698221635350756,0.08935880509821836
g__Capnocytophaga_s__granulosa,0.01794216890376888,0.09221440297053309
g__Treponema_s__parvum,0.01794216890376888,0.09221440297053309
g__Olsenella_s__profusa,0.01894834517424372,0.09410301760691825
g__Prevotella_s__multiformis,0.01894834517424372,0.09410301760691825
g__Stomatobaculum_s__sp._HMT_373,0.01894834517424372,0.09410301760691825
g__Porphyromonas_s__uenonis,0.021106435839668515,0.09423277415286346
g__Haemophilus_s__sp._HMT_036,0.021106435839668515,0.09423277415286346
g__Butyrivibrio_s__sp._HMT_080,0.021106435839668515,0.09423277415286346
g__Leptotrichia_s__hofstadii,0.021106435839668515,0.09423277415286346
g__Shuttleworthia_s__satelles,0.021106435839668515,0.09423277415286346
g__Actinomyces_s__johnsonii,0.021106435839668515,0.09423277415286346
g__Lentilactobacillus_s__buchneri,0.020002501381757992,0.09423277415286346
g__Prevotella_s__dentalis,0.020002501381757992,0.09423277415286346
g__Catonella_s__sp._HMT_451,0.020002501381757992,0.09423277415286346
g__Haemophilus_s__influenzae,0.020002501381757992,0.09423277415286346
g__Schaalia_s__sp._HMT_180,0.022261988143200347,0.0974237500920253
g__Capnocytophaga_s__sp._HMT_338,0.022261988143200347,0.0974237500920253
g__Parvimonas_s__micra,0.023471039415549563,0.1007203827346884
g__Actinomyces_s__sp._HMT_525,0.023471039415549563,0.1007203827346884
g__Bacteroidetes_[G-3]_s__bacterium_HMT_365,0.024735511330496913,0.10412472388647272
g__Peptostreptococcaceae_[G-9]_s__[Eubacterium]_brachy,0.024735511330496913,0.10412472388647272
g__Scardovia_s__wiggsiae,0.026057366229075243,0.10664218401158572
g__Actinomyces_s__naeslundii,0.026057366229075243,0.10664218401158572
g__Porphyromonas_s__sp._HMT_277,0.026057366229075243,0.10664218401158572
g__Lacticaseibacillus_s__casei,0.028881271831140226,0.11605020135785438
g__Klebsiella_s__pneumoniae,0.028881271831140226,0.11605020135785438
g__Clostridiales_[F-3][G-1]_s__bacterium_HMT_876,0.047161706806839204,0.11844019550353936
g__Streptococcus_s__sobrinus,0.03894625361160914,0.11844019550353936
g__Fannyhessea_s__sp._HMT_416,0.040879170090847135,0.11844019550353936
g__Prevotella_s__melaninogenica,0.033598809077048916,0.11844019550353936
g__Prevotella_s__denticola,0.042891146371170114,0.11844019550353936
g__Prevotella_s__histicola,0.04498453253283139,0.11844019550353936
g__Prevotella_s__veroralis,0.03894625361160914,0.11844019550353936
g__Porphyromonas_s__gingivalis,0.04498453253283139,0.11844019550353936
g__Riemerella_s__sp._HMT_322,0.030387443310364606,0.11844019550353936
g__Prevotella_s__koreensis,0.04498453253283139,0.11844019550353936
g__Streptococcus_s__lactarius,0.047161706806839204,0.11844019550353936
g__Prevotella_s__buccae,0.030387443310364606,0.11844019550353936
g__Prevotella_s__fusca,0.03530834704483341,0.11844019550353936
g__Scardovia_s__inopinata,0.03195923778898568,0.11844019550353936
g__Limosilactobacillus_s__reuteri_clade_938,0.033598809077048916,0.11844019550353936
g__Lachnoanaerobaculum_s__umeaense,0.03894625361160914,0.11844019550353936
g__Treponema_s__sp._HMT_253,0.03530834704483341,0.11844019550353936
g__Pseudoramibacter_s__alactolyticus,0.033598809077048916,0.11844019550353936
g__Bulleidia_s__extructa,0.03709007588957959,0.11844019550353936
g__Bacteroidetes_[G-3]_s__bacterium_HMT_503,0.047161706806839204,0.11844019550353936
g__Desulfobulbus_s__sp._HMT_041,0.03195923778898568,0.11844019550353936
g__Lachnospiraceae_[G-8]_s__bacterium_HMT_500,0.047161706806839204,0.11844019550353936
g__Bifidobacterium_s__breve,0.04498453253283139,0.11844019550353936
g__Colibacter_s__massiliensis,0.03195923778898568,0.11844019550353936
g__Eggerthia_s__catenaformis,0.033598809077048916,0.11844019550353936
g__Brucella_s__anthropi,0.047161706806839204,0.11844019550353936
g__Treponema_s__sp._HMT_228,0.047161706806839204,0.11844019550353936
g__Lactobacillus_s__acidophilus,0.047161706806839204,0.11844019550353936
g__Peptostreptococcaceae_[G-5]_s__bacterium_HMT_493,0.047161706806839204,0.11844019550353936
g__Treponema_s__sp._HMT_257,0.03530834704483341,0.11844019550353936
g__Lawsonella_s__clevelandensis,0.047161706806839204,0.11844019550353936
g__Lachnoanaerobaculum_s__sp._HMT_089,0.04498453253283139,0.11844019550353936
g__Treponema_s__sp._HMT_252,0.047161706806839204,0.11844019550353936
g__Treponema_s__sp._HMT_262,0.042891146371170114,0.11844019550353936
g__Prevotella_s__sp._HMT_304,0.04498453253283139,0.11844019550353936
g__Lactobacillus_s__crispatus,0.040879170090847135,0.11844019550353936
g__Bacteroides_s__zoogleoformans,0.047161706806839204,0.11844019550353936
g__Treponema_s__sp._HMT_226,0.042891146371170114,0.11844019550353936
g__Dietzia_s__cinnamea,0.04498453253283139,0.11844019550353936
g__Corynebacterium_s__tuberculostearicum,0.047161706806839204,0.11844019550353936
g__Mycoplasma_s__faucium,0.047161706806839204,0.11844019550353936
g__Cloacibacterium_s__normanense,0.047161706806839204,0.11844019550353936
g__Schaalia_s__georgiae,0.047161706806839204,0.11844019550353936
g__Prevotella_s__sp._HMT_376,0.04498453253283139,0.11844019550353936
g__Bacteroidetes_[G-3]_s__bacterium_HMT_280,0.047161706806839204,0.11844019550353936
g__Anaerolineae_[G-1]_s__bacterium_HMT_439,0.04498453253283139,0.11844019550353936
g__Kocuria_s__rhizophila,0.047161706806839204,0.11844019550353936
g__Clostridiales_[F-1][G-1]_s__bacterium_HMT_093,0.047161706806839204,0.11844019550353936
g__Treponema_s__sp._HMT_235,0.047161706806839204,0.11844019550353936
g__Desulfovibrio_s__fairfieldensis,0.047161706806839204,0.11844019550353936
g__Paracoccus_s__yeei,0.047161706806839204,0.11844019550353936
g__Lacticaseibacillus_s__paracasei,0.047161706806839204,0.11844019550353936
g__Fastidiosipila_s__sanguinis,0.047161706806839204,0.11844019550353936
g__Selenomonas_s__sp._HMT_442,0.047161706806839204,0.11844019550353936
g__Desulfovibrio_s__sp._HMT_040,0.047161706806839204,0.11844019550353936
g__Treponema_s__sp._HMT_270,0.047161706806839204,0.11844019550353936
g__Fretibacterium_s__sp._HMT_362,0.047161706806839204,0.11844019550353936
g__Peptostreptococcaceae_[G-5]_s__[Eubacterium]_saphenum,0.047161706806839204,0.11844019550353936
g__Enterococcus_s__casseliflavus,0.047161706806839204,0.11844019550353936
g__Butyrivibrio_s__sp._HMT_455,0.047161706806839204,0.11844019550353936
g__Treponema_s__sp._HMT_251,0.047161706806839204,0.11844019550353936
g__Selenomonas_s__sp._HMT_478,0.04498453253283139,0.11844019550353936
g__Fretibacterium_s__sp._HMT_361,0.047161706806839204,0.11844019550353936
g__Bacteroidetes_[G-5]_s__bacterium_HMT_505,0.047161706806839204,0.11844019550353936
g__Treponema_s__sp._HMT_271,0.047161706806839204,0.11844019550353936
g__Prevotella_s__scopos,0.047161706806839204,0.11844019550353936
g__Neisseria_s__cinerea,0.04942507322512223,0.12272967621069679
g__Campylobacter_s__curvus,0.04942507322512223,0.12272967621069679
g__Bosea_s__vestrisii,0.05177706055221734,0.1271414486893337
g__Prevotella_s__sp._HMT_396,0.05177706055221734,0.1271414486893337
g__Prevotella_s__intermedia,0.05422011973701823,0.13095788482930085
g__Actinomyces_s__sp._HMT_169,0.05422011973701823,0.13095788482930085
g__Prevotella_s__loescheii,0.05422011973701823,0.13095788482930085
g__Peptostreptococcus_s__stomatis,0.05675672264379962,0.1341522535217082
g__Schaalia_s__lingnae,0.05675672264379962,0.1341522535217082
g__Peptoniphilus_s__lacrimalis,0.05675672264379962,0.1341522535217082
g__Treponema_s__sp._HMT_230,0.05675672264379962,0.1341522535217082
g__Veillonella_s__sp._HMT_780,0.05938935929835025,0.13888940111042758
g__Veillonellaceae_[G-1]_s__bacterium_HMT_155,0.05938935929835025,0.13888940111042758
g__Gemella_s__haemolysans,0.06212053644420162,0.14153235622854182
g__Lachnoanaerobaculum_s__saburreum,0.06212053644420162,0.14153235622854182
g__Treponema_s__sp._HMT_268,0.06212053644420162,0.14153235622854182
g__Stomatobaculum_s__sp._HMT_910,0.06212053644420162,0.14153235622854182
g__Treponema_s__pectinovorum,0.06212053644420162,0.14153235622854182
g__Leptotrichia_s__buccalis,0.06495277456675426,0.1435456317925269
g__Capnocytophaga_s__leadbetteri,0.06495277456675426,0.1435456317925269
g__Neisseria_s__sp._HMT_523,0.06495277456675426,0.1435456317925269
g__Mycolicibacterium_s__neoaurum,0.06495277456675426,0.1435456317925269
g__Corynebacterium_s__simulans,0.06495277456675426,0.1435456317925269
g__Propionibacteriaceae_[G-2]_s__bacterium_HMT_192,0.06495277456675426,0.1435456317925269
g__Prevotella_s__oralis,0.06788860626841411,0.1492873829385027
g__Leptotrichia_s__hongkongensis,0.07093057310346254,0.1514556198634321
g__Fusobacterium_s__naviforme,0.07093057310346254,0.1514556198634321
g__Prevotella_s__maculosa,0.07093057310346254,0.1514556198634321
g__Alloprevotella_s__sp._HMT_473,0.07093057310346254,0.1514556198634321
g__Leptotrichia_s__sp._HMT_218,0.07093057310346254,0.1514556198634321
g__Treponema_s__sp._HMT_517,0.07093057310346254,0.1514556198634321
g__Rothia_s__dentocariosa,0.07734311068451724,0.15193624410025164
g__Porphyromonas_s__asaccharolytica,0.07734311068451724,0.15193624410025164
g__Treponema_s__sp._HMT_247,0.07734311068451724,0.15193624410025164
g__Peptostreptococcaceae_[G-7]_s__bacterium_HMT_081,0.07734311068451724,0.15193624410025164
g__Treponema_s__sp._HMT_236,0.07734311068451724,0.15193624410025164
g__Prevotella_s__buccalis,0.07734311068451724,0.15193624410025164
g__Anaerococcus_s__prevotii,0.07734311068451724,0.15193624410025164
g__Peptoniphilus_s__sp._HMT_187,0.07734311068451724,0.15193624410025164
g__Peptoniphilus_s__sp._HMT_386,0.07734311068451724,0.15193624410025164
g__Aeriscardovia_s__bacterium_HMT_407,0.07734311068451724,0.15193624410025164
g__Dialister_s__micraerophilus,0.07734311068451724,0.15193624410025164
g__Paenibacillus_s__glucanolyticus,0.07734311068451724,0.15193624410025164
g__Clostridiales_[F-1][G-2]_s__bacterium_HMT_402,0.07734311068451724,0.15193624410025164
g__Listeria_s__monocytogenes,0.07734311068451724,0.15193624410025164
g__Treponema_s__sp._HMT_238,0.07734311068451724,0.15193624410025164
g__Streptococcus_s__downei,0.07408122375681671,0.15193624410025164
g__Mesorhizobium_s__japonicum,0.07734311068451724,0.15193624410025164
g__Peptoniphilaceae_[G-3]_s__bacterium_HMT_929,0.07734311068451724,0.15193624410025164
g__Streptococcus_s__mutans,0.08071878813169514,0.15717050376303635
g__Campylobacter_s__concisus,0.08071878813169514,0.15717050376303635
g__Leptotrichia_s__shahii,0.08782172054942816,0.16517957652275425
g__Lactobacillus_s__ultunensis,0.08782172054942816,0.16517957652275425
g__Alloiococcus_s__otitis,0.08782172054942816,0.16517957652275425
g__Actinomyces_s__graevenitzii,0.08782172054942816,0.16517957652275425
g__Ligilactobacillus_s__salivarius,0.08782172054942816,0.16517957652275425
g__Neisseria_s__sp._HMT_018,0.08782172054942816,0.16517957652275425
g__Ralstonia_s__pickettii,0.08782172054942816,0.16517957652275425
g__Prevotella_s__aurantiaca,0.08782172054942816,0.16517957652275425
g__Catonella_s__morbi,0.09155406497285541,0.17074639965401728
g__Capnocytophaga_s__sp._HMT_903,0.09155406497285541,0.17074639965401728
g__Prevotella_s__bivia,0.09541037277353072,0.17283354412254334
g__Peptoniphilus_s__sp._HMT_375,0.09541037277353072,0.17283354412254334
g__Porphyromonas_s__catoniae,0.09541037277353072,0.17283354412254334
g__Pedobacter_s__sp._HMT_318,0.09541037277353072,0.17283354412254334
g__Cutibacterium_s__avidum,0.09541037277353072,0.17283354412254334
g__Cutibacterium_s__sp._HMT_193,0.09541037277353072,0.17283354412254334
g__Dialister_s__sp._HMT_119,0.09541037277353072,0.17283354412254334
g__Aggregatibacter_s__sp._HMT_458,0.09939316102723568,0.1785844600570657
g__Schaalia_s__sp._HMT_877,0.09939316102723568,0.1785844600570657
g__Veillonella_s__rogosae,0.10350493049881043,0.18447249709868632
g__Enterobacter_s__cancerogenus,0.10350493049881043,0.18447249709868632
g__Haemophilus_s__sp._HMT_908,0.11212531173328066,0.19823755114444022
g__Mitsuokella_s__sp._HMT_521,0.11212531173328066,0.19823755114444022
g__Prevotella_s__sp._HMT_475,0.11663881126432639,0.203772152485503
g__Cryptobacterium_s__curtum,0.11663881126432639,0.203772152485503
g__Saccharibacteria_(TM7)_[G-5]_s__bacterium_HMT_356,0.11663881126432639,0.203772152485503
g__Bacteroidales_[G-2]_s__bacterium_HMT_274,0.12129106065741505,0.20779321244409862
g__Ruminococcaceae_[G-1]_s__bacterium_HMT_075,0.12129106065741505,0.20779321244409862
g__Leptotrichia_s__sp._HMT_498,0.12129106065741505,0.20779321244409862
g__Aggregatibacter_s__actinomycetemcomitans,0.12129106065741505,0.20779321244409862
g__Selenomonas_s__sp._HMT_919,0.12129106065741505,0.20779321244409862
g__Kingella_s__denitrificans,0.12608442626015326,0.21189854147143627
g__Saccharibacteria_(TM7)_[G-1]_s__bacterium_HMT_957,0.12608442626015326,0.21189854147143627
g__Selenomonas_s__sp._HMT_126,0.12608442626015326,0.21189854147143627
g__Prevotella_s__sp._HMT_301,0.12608442626015326,0.21189854147143627
g__Prevotella_s__sp._HMT_293,0.12608442626015326,0.21189854147143627
g__Leptotrichia_s__sp._HMT_417,0.13102123748911693,0.21936131428102154
g__Granulicatella_s__adiacens,0.13610378242868557,0.2244696710204441
g__Capnocytophaga_s__sp._HMT_336,0.13610378242868557,0.2244696710204441
g__Lachnoanaerobaculum_s__orale,0.13610378242868557,0.2244696710204441
g__Mitsuokella_s__sp._HMT_131,0.13610378242868557,0.2244696710204441
g__Bifidobacterium_s__dentium,0.14133430495375224,0.22966824554984738
g__Actinomyces_s__oris,0.14133430495375224,0.22966824554984738
g__Saccharibacteria_(TM7)_[G-4]_s__bacterium_HMT_355,0.14133430495375224,0.22966824554984738
g__Alloprevotella_s__sp._HMT_914,0.14133430495375224,0.22966824554984738
g__Saccharibacteria_(TM7)_[G-1]_s__bacterium_HMT_348,0.1467150002713476,0.23581101861794776
g__Limosilactobacillus_s__vaginalis,0.1467150002713476,0.23581101861794776
g__Arachnia_s__rubra,0.1467150002713476,0.23581101861794776
g__Capnocytophaga_s__haemolytica,0.15793542750383976,0.2502059460813519
g__Leptotrichia_s__sp._HMT_223,0.15793542750383976,0.2502059460813519
g__Eikenella_s__sp._HMT_011,0.15793542750383976,0.2502059460813519
g__Prevotella_s__sp._HMT_309,0.15793542750383976,0.2502059460813519
g__Microbacterium_s__flavescens,0.16377927524424093,0.2576172229820445
g__Anaeroglobus_s__geminatus,0.16377927524424093,0.2576172229820445
g__Streptococcus_s__parasanguinis_clade_721,0.16978151990960158,0.2633102870176979
g__Capnocytophaga_s__sp._HMT_335,0.16978151990960158,0.2633102870176979
g__Actinomyces_s__israelii,0.16978151990960158,0.2633102870176979
g__Serratia_s__marcescens,0.16978151990960158,0.2633102870176979
g__Johnsonella_s__ignava,0.17594405959705736,0.2690909146778524
g__Gracilibacteria_(GN02)_[G-2]_s__bacterium_HMT_873,0.17594405959705736,0.2690909146778524
g__Actinomyces_s__sp._HMT_170,0.17594405959705736,0.2690909146778524
g__Sneathia_s__sanguinegens,0.17594405959705736,0.2690909146778524
g__Treponema_s__amylovorum,0.18226872125635965,0.27780267170796885
g__Fusobacterium_s__hwasookii,0.1887572577036387,0.2799688184731822
g__Kingella_s__sp._HMT_012,0.1887572577036387,0.2799688184731822
g__Corynebacterium_s__coyleae,0.1887572577036387,0.2799688184731822
g__Treponema_s__medium,0.1887572577036387,0.2799688184731822
g__Oribacterium_s__parvum,0.1887572577036387,0.2799688184731822
g__Propionibacteriaceae_[G-1]_s__bacterium_HMT_915,0.1887572577036387,0.2799688184731822
g__Veillonella_s__denticariosi,0.1887572577036387,0.2799688184731822
g__Saccharibacteria_(TM7)_[G-2]_s__bacterium_HMT_350,0.1887572577036387,0.2799688184731822
g__Selenomonas_s__noxia,0.19541134313296699,0.28790604554923804
g__Fusobacterium_s__sp._HMT_370,0.19541134313296699,0.28790604554923804
g__Aggregatibacter_s__paraphrophilus,0.20223257018851953,0.29500592746972154
g__Treponema_s__vincentii,0.20223257018851953,0.29500592746972154
g__Actinomyces_s__sp._HMT_448,0.20223257018851953,0.29500592746972154
g__Saccharibacteria_(TM7)_[G-1]_s__bacterium_HMT_352,0.21638238692682304,0.31460860204492036
g__Schaalia_s__sp._HMT_178,0.22371371901962778,0.32420152067762453
g__Veillonella_s__parvula,0.23121767044399744,0.3339810795302185
g__Prevotella_s__jejuni,0.23889536967025596,0.3395233228111033
g__Prevotella_s__shahii,0.23889536967025596,0.3395233228111033
g__Selenomonas_s__dianae,0.23889536967025596,0.3395233228111033
g__Fusobacterium_s__sp._HMT_204,0.23889536967025596,0.3395233228111033
g__Selenomonas_s__sp._HMT_937,0.23889536967025596,0.3395233228111033
g__Haemophilus_s__haemolyticus,0.24674784235645258,0.33975871128209356
g__Olsenella_s__sp._HMT_807,0.24674784235645258,0.33975871128209356
g__Prevotella_s__marshii,0.24674784235645258,0.33975871128209356
g__Selenomonas_s__sp._HMT_133,0.24674784235645258,0.33975871128209356
g__Capnocytophaga_s__sp._HMT_901,0.24674784235645258,0.33975871128209356
g__Leptotrichia_s__sp._HMT_463,0.24674784235645258,0.33975871128209356
g__Leptotrichia_s__sp._HMT_217,0.24674784235645258,0.33975871128209356
g__Janibacter_s__indicus,0.24674784235645258,0.33975871128209356
g__Selenomonas_s__sp._HMT_920,0.24674784235645258,0.33975871128209356
g__Kingella_s__sp._HMT_932,0.24674784235645258,0.33975871128209356
g__Streptococcus_s__pneumoniae,0.2547760072736404,0.3497235876240654
g__Lancefieldella_s__parvula,0.26298067382491375,0.3587575858969502
g__Selenomonas_s__artemidis,0.26298067382491375,0.3587575858969502
g__Saccharibacteria_(TM7)_[G-1]_s__bacterium_HMT_349,0.27992218093332694,0.38069416606932466
g__Prevotella_s__nanceiensis,0.28866006349504,0.3889870367829502
g__Neisseria_s__oralis,0.28866006349504,0.3889870367829502
g__Schaalia_s__sp._HMT_172,0.28866006349504,0.3889870367829502
g__Neisseria_s__perflava,0.2975765259571755,0.39617115805142034
g__Saccharibacteria_(TM7)_[G-1]_s__bacterium_HMT_869,0.2975765259571755,0.39617115805142034
g__Capnocytophaga_s__sp._HMT_878,0.2975765259571755,0.39617115805142034
g__Aggregatibacter_s__sp._HMT_949,0.2975765259571755,0.39617115805142034
g__Peptidiphaga_s__sp._HMT_183,0.3066717836891773,0.40341942973397726
g__Porphyromonas_s__sp._HMT_284,0.3066717836891773,0.40341942973397726
g__Prevotella_s__sp._HMT_942,0.3066717836891773,0.40341942973397726
g__Lachnospiraceae_[G-3]_s__bacterium_HMT_100,0.3066717836891773,0.40341942973397726
g__Rothia_s__mucilaginosa,0.3159459254811898,0.41194129517016487
g__Absconditabacteria_(SR1)_[G-1]_s__bacterium_HMT_874,0.3159459254811898,0.41194129517016487
g__Streptococcus_s__sp._HMT_074,0.3159459254811898,0.41194129517016487
g__Streptococcus_s__intermedius,0.32539891041175756,0.4193187125422648
g__Prevotella_s__sp._HMT_306,0.32539891041175756,0.4193187125422648
g__Selenomonas_s__sp._HMT_138,0.32539891041175756,0.4193187125422648
g__Aggregatibacter_s__sp._HMT_898,0.32539891041175756,0.4193187125422648
g__Aggregatibacter_s__aphrophilus,0.34484058657034955,0.4417957659828826
g__Limosilactobacillus_s__oris,0.34484058657034955,0.4417957659828826
g__Saccharibacteria_(TM7)_[G-6]_s__bacterium_HMT_870,0.3548285295671718,0.44809774305339983
g__Selenomonas_s__sp._HMT_136,0.3548285295671718,0.44809774305339983
g__Prevotella_s__micans,0.3548285295671718,0.44809774305339983
g__Absconditabacteria_(SR1)_[G-1]_s__bacterium_HMT_345,0.3548285295671718,0.44809774305339983
g__Corynebacterium_s__aurimucosum,0.3548285295671718,0.44809774305339983
g__Pseudoleptotrichia_s__sp._HMT_219,0.36499381541788695,0.45962184163733916
g__Streptococcus_s__salivarius,0.37533572535171644,0.46600671518387266
g__Peptostreptococcaceae_[G-1]_s__[Eubacterium]_sulci,0.37533572535171644,0.46600671518387266
g__Neisseria_s__sp._HMT_499,0.37533572535171644,0.46600671518387266
g__Capnocytophaga_s__sp._HMT_863,0.37533572535171644,0.46600671518387266
g__Corynebacterium_s__striatum,0.37533572535171644,0.46600671518387266
g__Streptococcus_s__gordonii,0.38585339949413666,0.476388834012314
g__Mogibacterium_s__vescum,0.38585339949413666,0.476388834012314
g__Prevotella_s__sp._HMT_472,0.3965458361855118,0.4868701655388784
g__Prevotella_s__oulorum,0.3965458361855118,0.4868701655388784
g__Centipeda_s__periodontii,0.40741189021442265,0.4947144381175132
g__Actinomyces_s__sp._HMT_897,0.40741189021442265,0.4947144381175132
g__Actinomyces_s__sp._HMT_896,0.40741189021442265,0.4947144381175132
g__Haemophilus_s__aegyptius,0.40741189021442265,0.4947144381175132
g__Prevotella_s__saccharolytica,0.4184502725082147,0.5039646333750161
g__Prevotella_s__sp._HMT_300,0.4184502725082147,0.5039646333750161
g__Weeksellaceae_[G-1]_s__sp._HMT_900,0.4184502725082147,0.5039646333750161
g__Haemophilus_s__paraphrohaemolyticus,0.42965954874080486,0.5160584797375971
g__Leptotrichia_s__sp._HMT_225,0.4525843187853582,0.5406547808192658
g__Weeksellaceae_[G-1]_s__sp._HMT_907,0.4525843187853582,0.5406547808192658
g__Streptococcus_s__sp._HMT_056,0.46429621551181716,0.5531507473213563
g__Peptostreptococcaceae_[G-7]_s__[Eubacterium]_yurii_subsps._yurii_&_margaretiae,0.4761718118949516,0.5642572140953581
g__Oribacterium_s__asaccharolyticum,0.4761718118949516,0.5642572140953581
g__Selenomonas_s__sp._HMT_936,0.4882089448221264,0.5739051957749465
g__Limosilactobacillus_s__fermentum,0.4882089448221264,0.5739051957749465
g__Erysipelothrix_s__tonsillarum,0.4882089448221264,0.5739051957749465
g__Afipia_s__broomeae,0.5004053056317171,0.5835861348000501
g__Capnocytophaga_s__gingivalis,0.5004053056317171,0.5835861348000501
g__Streptococcus_s__peroris,0.5004053056317171,0.5835861348000501
g__Prevotella_s__pallens,0.512758441341852,0.5964190291397331
g__Prevotella_s__sp._HMT_317,0.5252657550074545,0.6077682296159552
g__Gracilibacteria_(GN02)_[G-1]_s__bacterium_HMT_872,0.5252657550074545,0.6077682296159552
g__Cloacibacterium_s__sp._HMT_206,0.5379245073282733,0.6207901625041692
g__Haemophilus_s__sputorum,0.5507318174580862,0.633915269053318
g__Selenomonas_s__infelix,0.5636846650391971,0.6454627511588734
g__Capnocytophaga_s__sp._HMT_324,0.5636846650391971,0.6454627511588734
g__Lachnospiraceae_[G-2]_s__bacterium_HMT_096,0.5900142022024174,0.6738663498022442
g__Leptotrichia_s__sp._HMT_212,0.6168862311208668,0.6991377286036491
g__Aggregatibacter_s__sp._HMT_512,0.6168862311208668,0.6991377286036491
g__Selenomonas_s__flueggei,0.6168862311208668,0.6991377286036491
g__Pseudoleptotrichia_s__sp._HMT_221,0.630516700311207,0.7127580090474513
g__Leptotrichia_s__wadei,0.6442717612954308,0.7227617220623869
g__Leptotrichia_s__sp._HMT_392,0.6442717612954308,0.7227617220623869
g__Porphyromonas_s__sp._HMT_278,0.6442717612954308,0.7227617220623869
g__Campylobacter_s__gracilis,0.6581474756931285,0.7327485749530549
g__Pseudoleptotrichia_s__goodfellowii,0.6581474756931285,0.7327485749530549
g__Weeksellaceae_[G-1]_s__sp._HMT_931,0.6581474756931285,0.7327485749530549
g__Fusobacterium_s__sp._HMT_203,0.6721397853379761,0.7427144627984636
g__Haemophilus_s__pittmaniae,0.6721397853379761,0.7427144627984636
g__Selenomonas_s__sp._HMT_137,0.6721397853379761,0.7427144627984636
g__Streptococcus_s__anginosus,0.6862445152908855,0.7526552748351647
g__Veillonella_s__atypica,0.6862445152908855,0.7526552748351647
g__Eikenella_s__corrodens,0.6862445152908855,0.7526552748351647
g__Saccharibacteria_(TM7)_[G-1]_s__bacterium_HMT_346,0.7004573777595955,0.7644497801722006
g__Selenomonas_s__sp._HMT_146,0.7004573777595955,0.7644497801722006
g__Neisseria_s__flavescens,0.7877519564259032,0.855494753661546
g__Alloprevotella_s__sp._HMT_912,0.7877519564259032,0.855494753661546
g__Actinomyces_s__sp._HMT_171,0.8025930249221755,0.8694757769990235
g__Prevotella_s__salivae,0.8175043412833244,0.8749077938189573
g__Cardiobacterium_s__valvarum,0.8175043412833244,0.8749077938189573
g__Actinomyces_s__sp._HMT_175,0.8175043412833244,0.8749077938189573
g__Ruminococcaceae_[G-2]_s__bacterium_HMT_085,0.8175043412833244,0.8749077938189573
g__Neisseria_s__weaveri,0.8175043412833244,0.8749077938189573
g__Saccharibacteria_(TM7)_[G-1]_s__bacterium_HMT_952,0.8324807897724016,0.8866421905527747
g__Oribacterium_s__sinus,0.8324807897724016,0.8866421905527747
g__Simonsiella_s__muelleri,0.8475171866437985,0.9004870108090359
g__Parvimonas_s__sp._HMT_110,0.8626082852173932,0.9099590980097559
g__Campylobacter_s__rectus,0.8626082852173932,0.9099590980097559
g__Capnocytophaga_s__endodontalis,0.8626082852173932,0.9099590980097559
g__Actinomyces_s__gerencseriae,0.8777487814022166,0.9193482497151179
g__Streptococcus_s__parasanguinis_clade_411,0.8777487814022166,0.9193482497151179
g__Gracilibacteria_(GN02)_[G-1]_s__bacterium_HMT_871,0.8777487814022166,0.9193482497151179
g__Saccharibacteria_(TM7)_[G-3]_s__bacterium_HMT_351,0.8929333190087916,0.9330414349926379
g__Capnocytophaga_s__sp._HMT_864,0.9081564954515026,0.9444827552695627
g__Fusobacterium_s__sp._HMT_248,0.9081564954515026,0.9444827552695627
g__Aggregatibacter_s__sp._HMT_513,0.9234128672401758,0.9469802490026861
g__Alloprevotella_s__sp._HMT_308,0.9234128672401758,0.9469802490026861
g__Prevotella_s__sp._HMT_314,0.9234128672401758,0.9469802490026861
g__Peptococcus_s__sp._HMT_168,0.9234128672401758,0.9469802490026861
g__Alloprevotella_s__sp._HMT_913,0.9234128672401758,0.9469802490026861
g__Actinomyces_s__dentalis,0.9234128672401758,0.9469802490026861
g__Capnocytophaga_s__sp._HMT_902,0.9386969557988001,0.9538024240530336
g__Saccharibacteria_(TM7)_[G-1]_s__bacterium_HMT_347,0.9386969557988001,0.9538024240530336
g__Capnocytophaga_s__sp._HMT_332,0.9386969557988001,0.9538024240530336
g__Lachnospiraceae_[G-2]_s__bacterium_HMT_088,0.9386969557988001,0.9538024240530336
g__Capnocytophaga_s__sp._HMT_412,0.9540032531436102,0.9671317382786141
g__Tannerella_s__sp._HMT_286,0.9846603303902758,0.993652662174662
g__Peptidiphaga_s__gingivicola,0.9846603303902758,0.993652662174662
g__Stomatobaculum_s__longum,1,1
g__Capnocytophaga_s__sp._HMT_323,1,1
g__Porphyromonas_s__sp._HMT_275,1,1
g__Gemella_s__sanguinis,1,1
