"","topic","term","beta"
"1","5","2-succinyl-6-hydroxy-2,4-cyclohexadiene-1-carboxylate synthase MenH and related esterases, alpha/beta hydrolase fold (MenH) (PDB:4MYS)",0.00888792704586498
"2","2","ABC-type amino acid transport system, permease component (HisM) (PDB:4YMS)",0.00382245187522501
"3","6","ABC-type amino acid transport system, permease component (HisM) (PDB:4YMS)",0.0050080654237161
"4","2","ABC-type amino acid transport/signal transduction system, periplasmic component/domain (HisJ) (PDB:1GGG)",0.00424599224921115
"5","3","ABC-type cobalamin/Fe3+-siderophores transport system, ATPase component (FepC) (PDB:2NQ2)",0.00627812827521013
"6","3","ABC-type dipeptide/oligopeptide/nickel transport system, ATPase component (DppD) (PDB:4FWI)",0.00946343067343458
"7","3","ABC-type Fe3+-hydroxamate transport system, periplasmic component (FepB) (PDB:1ESZ)",0.00699739010706726
"8","6","ABC-type glutathione transport system ATPase component, contains duplicated ATPase domain (GsiA)",0.00463292943692088
"9","3","ABC-type glycerol-3-phosphate transport system, periplasmic component (UgpB) (PDB:2Z8D)",0.0106964509566182
"10","3","ABC-type glycerol-3-phosphate transport system, permease component (UgpE) (PDB:1VR4)",0.00936067898316927
"11","5","ABC-type lipoprotein export system, ATPase component (LolD) (PDB:5GKO)",0.00829092103102939
"12","6","ABC-type lipoprotein export system, ATPase component (LolD) (PDB:5GKO)",0.00744644933788499
"13","3","ABC-type multidrug transport system, ATPase and permease component (MdlB) (PDB:2HYD)",0.0152175253282916
"14","5","ABC-type multidrug transport system, ATPase and permease component (MdlB) (PDB:2HYD)",0.00955955881255504
"15","6","ABC-type multidrug transport system, ATPase and permease component (MdlB) (PDB:2HYD)",0.00994735591651973
"16","5","ABC-type multidrug transport system, ATPase component (CcmA) (PDB:5DO7)",0.0182907717795257
"17","5","ABC-type multidrug transport system, permease component (YadH)",0.00560439396426919
"18","3","ABC-type sugar transport system, ATPase component (MglA)",0.00761390024865909
"19","3","ABC-type sugar transport system, periplasmic component, contains N-terminal xre family HTH domain (RbsB) (PDB:1BA2)",0.00638087996547543
"20","3","ABC-type sugar transport system, permease component (UgpA) (PDB:3FH6)",0.00689463841680196
"21","3","ABC-type transport system, periplasmic component (DdpA) (PDB:3RQT)",0.00627812827521013
"22","1","Acyl carrier protein (AcpP) (PDB:1ACP)",0.00306921524979917
"23","2","ADP-heptose:LPS heptosyltransferase (RfaF) (PDB:1PSW)",0.00339891150123886
"24","6","Antitoxin component YwqK of the YwqJK toxin-antitoxin module (YwqK)",0.00888447062059996
"25","4","AraC-type DNA-binding domain and AraC-containing proteins (AraC) (PDB:1BL0)",0.00613379914066578
"26","1","ATP-dependent Clp protease, ATP-binding subunit ClpA (ClpA) (PDB:1KSF)",0.00322252270483409
"27","1","ATPase components of ABC transporters with duplicated ATPase domains (Uup) (PDB:5ZXD)",0.0056141190033789
"28","2","Autotransporter adhesin (Hia) (PDB:2GR7)",0.00403422206221808
"29","4","Bacterial nucleoid DNA-binding protein IHF-alpha (HimA) (PDB:1B8Z)",0.00874392643456611
"30","4","Biopolymer transport protein ExbD (ExbD) (PDB:2JWK)",0.00523029353893105
"31","4","C-terminal processing protease CtpA/Prc, contains a PDZ domain (CtpA) (PDB:6IQU)",0.0051299040276272
"32","1","Cation-transporting P-type ATPase (ZntA) (PDB:4BBJ)",0.00355979910591092
"33","1","Cell division protein FtsI, peptidoglycan transpeptidase (Penicillin-binding protein 2) (FtsI) (PDB:6HZQ)",0.00322252270483409
"34","1","Chaperedoxin CnoX, contains thioredoxin-like and TPR-like domains, YbbN/TrxSC family (CnoX) (PDB:3QDN) (PUBMED:21498507;29754824)",0.00371310656094585
"35","2","Di- and tricarboxylate antiporter (CitT) (PDB:4F35)",0.00361068168823193
"36","3","DNA-binding protein, AcrR family, includes nucleoid occlusion protein SlmA (AcrR) (PDB:2QOP)",0.00638087996547543
"37","5","DNA-binding protein, AcrR family, includes nucleoid occlusion protein SlmA (AcrR) (PDB:2QOP)",0.020828047342577
"38","6","DNA-binding protein, AcrR family, includes nucleoid occlusion protein SlmA (AcrR) (PDB:2QOP)",0.00582086006177239
"39","5","DNA-binding response regulator, NarL/FixJ family, contains REC and HTH domains (CitB) (PDB:1A04)",0.0130669691497142
"40","5","DNA-binding response regulator, OmpR family, contains REC and winged-helix (wHTH) domain (OmpR) (PDB:1XHF)",0.00821629527917494
"41","6","DNA-binding response regulator, OmpR family, contains REC and winged-helix (wHTH) domain (OmpR) (PDB:1XHF)",0.00932212927186105
"42","3","DNA-binding transcriptional regulator, LacI/PurR family (PurR) (PDB:1BDH)",0.00648363165574074
"43","2","DNA-binding transcriptional regulator, LysR family (LysR) (PDB:2FYI)",0.00890493636305881
"44","5","DNA-binding transcriptional regulator, MarR family (MarR) (PDB:1JGS)",0.00582827121983254
"45","5","DNA-binding transcriptional regulator, MerR family (SoxR) (PDB:2VZ4)",0.00761928926433933
"46","1","DnaJ-class molecular chaperone with C-terminal Zn finger domain (DnaJ) (PDB:1BQ0)",0.0030078922677852
"47","1","Fic family protein (PDB:3CUC)",0.00316119972282012
"48","3","Formylglycine-generating enzyme, required for sulfatase activity, contains SUMF1/FGE domain (YfmG) (PDB:2AFT)",0.00751114855839379
"49","2","Glutathione S-transferase (GstA) (PDB:1A0F)",0.00361068168823193
"50","4","Glycosyltransferase involved in cell wall bisynthesis (RfaB) (PDB:2IV7)",0.0097478215476047
"51","5","Glycosyltransferase involved in cell wall bisynthesis (RfaB) (PDB:2IV7)",0.0109774480977896
"52","1","Glycosyltransferase involved in cell wall bisynthesis (WcaA) (PDB:5MLZ)",0.00739248548178401
"53","4","Glycosyltransferase involved in cell wall bisynthesis (WcaA) (PDB:5MLZ)",0.00884431594586997
"54","6","Hydroxymethylpyrimidine pyrophosphatase and other HAD family phosphatases (Cof) (PDB:1YMQ)",0.00563329206837479
"55","3","Methyl-accepting chemotaxis protein (MCP) (Tar) (PDB:1QU7)",0.00833316208051622
"56","1","Molecular chaperone DnaK (HSP70) (DnaK) (PDB:3I33)",0.00303855375879218
"57","1","Multidrug efflux pump subunit AcrA (membrane-fusion protein) (AcrA) (PDB:1T5E)",0.0030078922677852
"58","3","Na+-driven multidrug efflux pump, DinF/NorM/MATE family (NorM) (PDB:3VVN) (PUBMED:29915058)",0.00966893405396519
"59","6","Na+-driven multidrug efflux pump, DinF/NorM/MATE family (NorM) (PDB:3VVN) (PUBMED:29915058)",0.00525815608157957
"60","1","Nitroreductase (NfnB) (PDB:1F5V)",0.00429567489007855
"61","4","Outer membrane cobalamin receptor protein BtuB (BtuB) (PDB:1NQE)",0.00743886278761595
"62","4","Outer membrane protein chaperone/metalloprotease BepA/YfgC, contains M48 and TPR domains (BepA) (PDB:6AIT) (PUBMED:24003122)",0.00603340962936193
"63","4","Outer membrane protein OmpA and related peptidoglycan-associated (lipo)proteins (OmpA) (PDB:1OAP)",0.00563185158414649
"64","4","Outer membrane protein TolC (TolC) (PDB:1EK9)",0.00613379914066578
"65","4","Outer membrane receptor for ferrienterochelin and colicins (FepA) (PDB:2HDF) (PUBMED:16468998)",0.0131610649319359
"66","4","Outer membrane receptor protein, Fe transport (CirA) (PDB:1BY3)",0.0229992370397141
"67","2","Peptidyl-prolyl isomerase, parvulin family (SurA) (PDB:2ZR5)",0.00361068168823193
"68","4","Periplasmic chaperone for outer membrane proteins, Skp family (HlpA) (PDB:1SG2)",0.0051299040276272
"69","2","Permease of the drug/metabolite transporter (DMT) superfamily (RhaT) (PDB:5I20)",0.00678723449312805
"70","1","Phosphomannomutase (ManB) (PDB:6MNV)",0.00355979910591092
"71","2","Predicted arabinose efflux permease AraJ, MFS family (AraJ) (PDB:4LDS)",0.00721077486711421
"72","5","Predicted arabinose efflux permease AraJ, MFS family (AraJ) (PDB:4LDS)",0.015529618960911
"73","5","Protein N-acetyltransferase, RimJ/RimL family (RimL) (PDB:1S7F)",0.00448500768645244
"74","6","Protein N-acetyltransferase, RimJ/RimL family (RimL) (PDB:1S7F)",0.00482049743031849
"75","2","Pseudouridine synthase RluA, 23S rRNA- or tRNA-specific (RluA) (PDB:2I82)",0.00350479659473539
"76","3","Ribose/xylose/arabinose/galactoside ABC-type transport system, permease component (AraH)",0.00699739010706726
"77","1","Ribosomal protein S18 acetylase RimI and related acetyltransferases (RimI) (PDB:1GHE)",0.00398905998000871
"78","5","Serine/threonine protein kinase (SPS1) (PDB:6G4J)",0.00463425919016134
"79","6","Signal transduction histidine kinase (BaeS) (PDB:1JOY)",0.00525815608157957
"80","5","Signal transduction histidine kinase ComP (ComP) (PDB:4GT8)",0.0109028223459351
"81","4","Site-specific recombinase XerD (XerD) (PDB:1A0P)",0.0118560012849857
"82","6","Site-specific recombinase XerD (XerD) (PDB:1A0P)",0.00675870002876042
"83","2","Soluble lytic murein transglycosylase or regulatory protein s ( may contain LysM/invasin domain) (MltE) (PDB:153L)",0.00339891150123886
"84","1","Superfamily II DNA and RNA helicase (SrmB) (PDB:3RRM)",0.0030078922677852
"85","2","TPR repeat (TPR) (PDB:1KLX)",0.00382245187522501
"86","6","Transcriptional regulator, contains XRE-family HTH domain (HipB) (PDB:1ADR)",0.00688374535769216
"87","4","Transposase",0.00533068305023491
"88","6","Transposase",0.0140113291068012
"89","6","Transposase and inactivated derivatives, IS30 family (Tra8)",0.0110727638769054
"90","2","Transposase and inactivated derivatives, IS5 family (IS5)",0.00424599224921115
"91","2","Transposase InsO and inactivated derivatives (Tra5)",0.00414010715571462
"92","2","Uncharacterized membrane protein",0.00339891150123886
"93","5","Uncharacterized membrane protein",0.00448500768645244
