feature	g__Lautropia_s__mirabilis	g__Streptococcus_s__oralis_subsp._dentisani_clade_058	g__Fusobacterium_s__nucleatum	g__Neisseria_s__flava	g__Streptococcus_s__anginosus	g__Leptotrichia_s__shahii	g__Streptococcus_s__sanguinis	g__Bacteroidales_.G.2._s__bacterium_HMT_274	g__Capnocytophaga_s__sputigena	g__Haemophilus_s__parainfluenzae	g__Abiotrophia_s__defectiva	g__Peptostreptococcus_s__stomatis	g__Parvimonas_s__micra	g__Veillonella_s__parvula	g__Leptotrichia_s__hongkongensis	g__Lactobacillus_s__gasseri	g__Gemella_s__haemolysans	g__Parvimonas_s__sp._HMT_110	g__Prevotella_s__nigrescens	g__Prevotella_s__sp._HMT_472	g__Treponema_s__lecithinolyticum	g__Leptotrichia_s__sp._HMT_417	g__Streptococcus_s__intermedius	g__Prevotella_s__denticola	g__Campylobacter_s__rectus	g__Tannerella_s__forsythia	g__Dialister_s__invisus	g__Prevotella_s__saccharolytica	g__Clostridiales_.F.3..G.1._s__bacterium_HMT_876	g__Porphyromonas_s__pasteri	g__Solobacterium_s__moorei	g__Campylobacter_s__gracilis	g__Neisseria_s__flavescens	g__Streptococcus_s__mutans	g__Porphyromonas_s__endodontalis	g__Veillonella_s__dispar	g__Prevotella_s__salivae	g__Prevotella_s__oris	g__Neisseria_s__perflava	g__Neisseria_s__elongata	g__Granulicatella_s__adiacens	g__Lacticaseibacillus_s__casei	g__Haemophilus_s__sp._HMT_036	g__Streptococcus_s__sobrinus	g__Veillonella_s__sp._HMT_780	g__Capnocytophaga_s__endodontalis	g__Treponema_s__socranskii	g__Leptotrichia_s__wadei	g__Neisseria_s__cinerea	g__Cardiobacterium_s__hominis	g__Peptidiphaga_s__sp._HMT_183	g__Streptococcus_s__gordonii	g__Prevotella_s__veroralis	g__Actinomyces_s__gerencseriae	g__Prevotella_s__histicola	g__Catonella_s__morbi	g__Alloprevotella_s__tannerae	g__Oribacterium_s__sp._HMT_078	g__Capnocytophaga_s__sp._HMT_864	g__Saccharibacteria_.TM7._.G.1._s__bacterium_HMT_346	g__Prevotella_s__melaninogenica	g__Granulicatella_s__elegans	g__Tannerella_s__sp._HMT_286	g__Ruminococcaceae_.G.1._s__bacterium_HMT_075	g__Porphyromonas_s__sp._HMT_930	g__Lancefieldella_s__rimae	g__Bacteroidetes_.G.5._s__bacterium_HMT_511	g__Veillonella_s__atypica	g__Fretibacterium_s__sp._HMT_359	g__Haemophilus_s__haemolyticus	g__Dialister_s__pneumosintes	g__Rothia_s__dentocariosa	g__Prevotella_s__sp._HMT_317	g__Saccharibacteria_.TM7._.G.1._s__bacterium_HMT_348	g__Capnocytophaga_s__sp._HMT_336	g__Treponema_s__denticola	g__Riemerella_s__sp._HMT_322	g__Alloprevotella_s__sp._HMT_473	g__Megasphaera_s__micronuciformis	g__Selenomonas_s__noxia	g__Kingella_s__oralis	g__Prevotella_s__sp._HMT_292	g__Prevotella_s__oulorum	g__Prevotella_s__nanceiensis	g__Capnocytophaga_s__leadbetteri	g__Mycoplasma_s__salivarium	g__Corynebacterium_s__matruchotii	g__Saccharibacteria_.TM7._.G.3._s__bacterium_HMT_351	g__Treponema_s__sp._HMT_231	g__Fusobacterium_s__periodonticum	g__Stomatobaculum_s__longum	g__Streptococcus_s__salivarius	g__Neisseria_s__subflava	g__Rothia_s__aeria	g__Lachnoanaerobaculum_s__saburreum	g__Capnocytophaga_s__gingivalis	g__Actinomyces_s__sp._HMT_169	g__Pseudoleptotrichia_s__goodfellowii	g__Gemella_s__morbillorum	g__Capnocytophaga_s__sp._HMT_338	g__Cardiobacterium_s__valvarum	g__Neisseria_s__oralis	g__Leptotrichia_s__sp._HMT_225	g__Leptotrichia_s__buccalis	g__Streptococcus_s__constellatus	g__Peptococcus_s__sp._HMT_167	g__Selenomonas_s__sp._HMT_136	g__Streptococcus_s__cristatus_clade_578	g__Aggregatibacter_s__paraphrophilus	g__Fusobacterium_s__hwasookii	g__Aggregatibacter_s__aphrophilus	g__Corynebacterium_s__durum	g__Fusobacterium_s__naviforme	g__Lachnoanaerobaculum_s__umeaense	g__Leptotrichia_s__sp._HMT_392	g__Capnocytophaga_s__granulosa	g__Leptotrichia_s__hofstadii	g__Prevotella_s__pleuritidis	g__Treponema_s__maltophilum	g__Actinomyces_s__oris	g__Actinomyces_s__massiliensis	g__Bifidobacterium_s__dentium	g__Fusobacterium_s__sp._HMT_203	g__Peptostreptococcaceae_.G.7._s__.Eubacterium._yurii_subsps._yurii_._margaretiae	g__Saccharibacteria_.TM7._.G.6._s__bacterium_HMT_870	g__Campylobacter_s__concisus	g__Selenomonas_s__sputigena	g__Porphyromonas_s__catoniae	g__Cryptobacterium_s__curtum	g__Streptococcus_s__lactarius	g__Fretibacterium_s__fastidiosum	g__Fusobacterium_s__sp._HMT_248	g__Arachnia_s__propionica	g__Peptostreptococcaceae_.G.1._s__.Eubacterium._sulci	g__Aggregatibacter_s__sp._HMT_458	g__Porphyromonas_s__sp._HMT_278	g__Selenomonas_s__infelix	g__Selenomonas_s__sp._HMT_936	g__Pseudoleptotrichia_s__sp._HMT_221	g__Aggregatibacter_s__sp._HMT_513	g__Leptotrichia_s__sp._HMT_215	g__Rothia_s__mucilaginosa	g__Actinomyces_s__naeslundii	g__Schaalia_s__sp._HMT_180	g__Streptococcus_s__parasanguinis_clade_411	g__Eikenella_s__corrodens	g__Aggregatibacter_s__sp._HMT_512	g__Afipia_s__broomeae	g__Scardovia_s__wiggsiae	g__Alloprevotella_s__sp._HMT_912	g__Porphyromonas_s__sp._HMT_284	g__Leptotrichia_s__sp._HMT_498	g__Selenomonas_s__sp._HMT_146	g__Kingella_s__denitrificans	g__Capnocytophaga_s__sp._HMT_412	g__Lachnospiraceae_.G.3._s__bacterium_HMT_100	g__Saccharibacteria_.TM7._.G.1._s__bacterium_HMT_952	g__Johnsonella_s__ignava	g__Alloprevotella_s__sp._HMT_308	g__Alloprevotella_s__sp._HMT_914	g__Selenomonas_s__sp._HMT_134	g__Leptotrichia_s__sp._HMT_212	g__Peptostreptococcaceae_.G.1._s__.Eubacterium._infirmum	g__Peptostreptococcaceae_.G.9._s__.Eubacterium._brachy	g__Treponema_s__sp._HMT_237	g__Prevotella_s__marshii	g__Actinomyces_s__sp._HMT_171	g__Veillonellaceae_.G.1._s__bacterium_HMT_150	g__Lancefieldella_s__parvula	g__Prevotella_s__micans	g__Peptococcus_s__sp._HMT_168	g__Prevotella_s__maculosa	g__Prevotella_s__pallens	g__Capnocytophaga_s__sp._HMT_323	g__Haemophilus_s__paraphrohaemolyticus	g__Pseudoleptotrichia_s__sp._HMT_219	g__Olsenella_s__sp._HMT_807	g__Acidipropionibacterium_s__acidifaciens	g__Peptidiphaga_s__gingivicola	g__Selenomonas_s__artemidis	g__Gemella_s__sanguinis	g__Haemophilus_s__sp._HMT_908	g__Weeksellaceae_.G.1._s__sp._HMT_907	g__Capnocytophaga_s__sp._HMT_324	g__Peptostreptococcaceae_.G.4._s__bacterium_HMT_369	g__Limosilactobacillus_s__fermentum	g__Alloprevotella_s__sp._HMT_913	g__Alloprevotella_s__rava	g__Porphyromonas_s__sp._HMT_275	g__Absconditabacteria_.SR1._.G.1._s__bacterium_HMT_874	g__Weeksellaceae_.G.1._s__sp._HMT_900	g__Selenomonas_s__sp._HMT_138	g__Saccharibacteria_.TM7._.G.1._s__bacterium_HMT_957	g__Mogibacterium_s__vescum	g__Prevotella_s__sp._HMT_314	g__Selenomonas_s__sp._HMT_137	g__Lachnoanaerobaculum_s__orale	g__Slackia_s__exigua	g__Schaalia_s__sp._HMT_178	g__Selenomonas_s__flueggei	g__Tannerella_s__sp._HMT_808	g__Absconditabacteria_.SR1._.G.1._s__bacterium_HMT_345	g__Veillonellaceae_.G.1._s__bacterium_HMT_155	g__Prevotella_s__sp._HMT_300	g__Gracilibacteria_.GN02._.G.1._s__bacterium_HMT_872	g__Actinomyces_s__dentalis	g__Selenomonas_s__sp._HMT_126	g__Oribacterium_s__sinus	g__Prevotella_s__sp._HMT_315	g__Lachnospiraceae_.G.2._s__bacterium_HMT_088	g__Selenomonas_s__sp._HMT_919
95-P	13531.5315315315	229.320229320229	0	359.54135954136	0	0	206.388206388206	0	2855.03685503685	2968.87796887797	3859.95085995086	0	0	3522.52252252252	1539.72153972154	0	0	0	0	99.0990990990991	0	0	0	0	0	0	0	0	0	1619.98361998362	0	0	27.8460278460278	0	0	102.375102375102	0	0	0	416.871416871417	0	0	0	0	0	0	0	0	100.737100737101	3.27600327600328	45.8640458640459	0	180.999180999181	10.6470106470106	0	0	0	0	0	0	925.470925470925	0	0	0	101.556101556102	0	0	0	0	0	0	0	0	0	0	0	474.201474201474	0	0	0	25.3890253890254	0	0	171.990171990172	248.157248157248	0	0	0	0	0	0	0	0	0	0	413.595413595414	0	0	0	0	0	81.9000819000819	0	0	0	0	0	3.27600327600328	81.0810810810811	0	87.6330876330876	0	0	0	0	531.531531531532	0	0	0	0	0	0	0	0	0	0	0	0	0	0	0	0	0	0	0	0	0	0	0	0	40.1310401310401	0	30.3030303030303	28.6650286650287	0	160.524160524161	0	0	0	0	0	0	0	0	0	0	0	0	0	22.9320229320229	0	0	0	0	0	0	0	0	0	0	0	0	0	0	2.45700245700246	0	0	0	0	0	0	0	0	0	0	0	0	0	0	0	0	0	0	0	104.832104832105	0	0	0	0	0	0	0	0	0	0	0	0	0	0	0	0
93-A	214.810281517748	9077.11138310894	1178.70257037944	542.227662178703	0	0	102.81517747858	0	0	1313.34149326805	10.4039167686659	0	171.970624235006	261.321909424725	248.470012239902	0	2031.211750306	0	0	0	0	0	30.5997552019584	0	0	0	0	0	0	0	19.5838433292534	0	0	1132.8029375765	0	49.5716034271726	0	126.682986536108	0	0	156.670746634027	0	1104.6511627907	25.0917992656059	34.8837209302326	181.762545899633	0	0	0	31.8237454100367	0	240.514075887393	0	0	0	0	471.848225214198	0	0	0	0	237.454100367197	0	0	222.154222766218	6.11995104039168	0	0	0	430.844553243574	0	0	83.843329253366	0	0	0	0	0	0	0	0	0	0	0	0	0	0	0	0	0	0	97.3072215422277	0	12.2399020807834	0	227.66217870257	47.7356181150551	0	29.9877600979192	0	0	0	0	0	0	0	0	0	0	0	0	0	0	0	0	0	0	0	0	0	63.6474908200734	0	0	0	0	0	0	0	0	0	0	0	0	0	0	0	0	0	0	0	0	0	42.2276621787026	0	0	0	0	0	0	0	0	0	0	0	0	0	0	0	0	0	0	0	0	0	0	0	0	0	0	0	0	0	0	141.982864137087	43.4516523867809	0	0	0	0	0	0	0	0	0	0	0	0	0	0	0	0	0	0	0	0	0	0	0	0	0	0	0	0	0	0	0	0	0	0	0	0
97-P	403.833865814696	3862.61980830671	535.782747603834	1431.62939297125	0	0	230.031948881789	0	66.7731629392971	721.725239616613	71.8849840255591	0	0	71.2460063897764	24.2811501597444	0	228.434504792332	0	0	0	0	18.5303514376997	0	0	19.4888178913738	0	0	0	0.958466453674121	161.980830670927	7.02875399361022	130.031948881789	282.108626198083	0	0	59.7444089456869	0	0	0	61.9808306709265	87.8594249201278	0	176.67731629393	0	0	207.02875399361	0	0	54.9520766773163	454.952076677316	205.431309904153	0	0	0	0	0	0	0	2.87539936102236	0	34.185303514377	0	114.696485623003	11.8210862619808	14.0575079872204	0	0	0	0	25.5591054313099	0	0	385.94249201278	23.3226837060703	94.888178913738	0	88.8178913738019	0	0	28.1150159744409	35.1437699680511	0	0	0	99.3610223642173	0	168.051118210863	0	0	115.654952076677	0	63.5782747603834	0	49.5207667731629	23.3226837060703	0	81.4696485623003	0	107.348242811502	0	236.421725239617	16.9329073482428	231.629392971246	229.073482428115	0	0	0	24.6006389776358	0	52.0766773162939	0	45.3674121405751	0	30.0319488817891	57.8274760383387	149.840255591054	8.94568690095847	0	0	0	187.539936102236	0	29.073482428115	13.7380191693291	27.4760383386581	24.2811501597444	0	61.3418530351438	0	39.6166134185304	0	0	19.1693290734824	0	51.4376996805112	0	0	0	0	127.156549520767	10.8626198083067	132.58785942492	45.0479233226837	6.70926517571885	10.223642172524	67.0926517571885	13.4185303514377	25.2396166134185	0	6.70926517571885	0	0	0	11.1821086261981	0	33.5463258785943	0	21.0862619808307	15.9744408945687	38.0191693290735	0	92.9712460063898	0	0	0	0	6.38977635782748	0	0	0	0	0	0	0	49.2012779552716	0	0	0	0	23.0031948881789	13.0990415335463	13.7380191693291	58.7859424920128	31.3099041533546	0	0	0	0	57.8274760383387	16.9329073482428	0	0	0	0	0	24.9201277955272	0	0	24.2811501597444	0	6.70926517571885	0	0	0	0	0	0	4.47284345047923	0	0	0
71-A	0	95.6052428681573	4336.16037008481	0	0	33.9244410177332	0	1318.42713955281	0	0	0	462.220508866615	282.18966846569	92.1356977640709	142.25134926754	0	0	0	419.429452582884	0	67.0778720123362	0	0	51.6576715497301	0	583.269082498073	29.6838858905166	0	33.1534309946029	0	101.7733230532	849.653045489591	0	355.435620663069	503.855050115652	0	0	406.707787201234	0	0	0	0	0	0	0	266.383962991519	94.834232845027	0	0	38.550501156515	0	0	0	64.3793369313801	0	30.0693909020817	103.700848111025	98.3037779491133	0	108.712413261372	0	0	33.1534309946029	0	0	0	0	0	162.297609868928	0	150.346954510409	0	43.1765612952968	0	0	444.487278334618	0	0	0	48.573631457209	0	0	0	0	0	0	48.573631457209	0	87.5096376252891	0	0	0	0	0	15.420200462606	0	0	0	0	13.4926754047803	0	0	0	0	0	164.225134926754	0	0.38550501156515	0	0	89.82266769468	6.93909020817271	23.5158057054742	68.6198920585968	0	0	0	213.569776407093	237.471087124133	0	0	0	102.54433307633	0	0	0	1.15651503469545	0	0	0	56.283731688512	0	0	0	0	0	26.2143407864302	0	0	0	0	0	17.3477255204318	0	0	79.7995373939861	0	0	0	0	0	0	0	0	0	21.9737856592136	0	58.982266769468	0	0	94.0632228218967	11.5651503469545	0	0	55.1272166538165	0	0	28.5273708558211	0	0	0	10.4086353122591	0	0	0	0	0	0	0	0	0	0	0	0	0	0	0	70.1619121048574	0	0	0	7.32459521973786	0	0	0	0	0	13.8781804163454	0	0	40.8635312259059	0	0	0	0	0	0	0	0	0	0
100-P	981.498194945848	2694.94584837545	327.166064981949	4862.81588447653	0	228.339350180505	1335.74007220217	13.086642599278	330.324909747292	710.740072202166	400.270758122744	0	0	713.898916967509	272.111913357401	0	28.8808664259928	12.1841155234657	122.743682310469	197.202166064982	4.51263537906137	1253.15884476534	15.3429602888087	0	142.148014440433	0	0	48.7364620938628	0	1004.06137184116	0	72.2021660649819	0	355.14440433213	0	300.541516245487	35.6498194945848	8.12274368231047	17.5992779783393	87.0938628158845	161.101083032491	0	22.5631768953069	0	34.2960288808664	0	0	0	24.8194945848375	61.8231046931408	0	462.093862815884	0	0	35.1985559566787	13.5379061371841	0	0	0	7.67148014440433	199.007220216606	16.6967509025271	59.5667870036101	14.8916967509025	47.3826714801444	0	0	3.6101083032491	0	0	0	0	19.4043321299639	27.5270758122744	3.15884476534296	0	180.956678700361	114.620938628159	0	0	73.1046931407942	0	13.9891696750903	38.3574007220217	299.638989169675	0	38.3574007220217	22.1119133574007	0	205.776173285199	2.70758122743682	21.6606498194946	167.870036101083	0	38.3574007220217	14.4404332129964	157.490974729242	13.5379061371841	33.8447653429603	0	3.15884476534296	33.8447653429603	58.2129963898917	55.0541516245487	0	0	1.80505415162455	19.85559566787	15.3429602888087	308.212996389892	29.3321299638989	9.92779783393502	16.2454873646209	302.797833935018	0	217.509025270758	36.5523465703971	0	0	0	12.6353790613718	0	57.7617328519856	50.0902527075812	32.942238267148	36.101083032491	0	28.8808664259928	0	31.5884476534296	0	0	4.51263537906137	0	35.6498194945848	140.342960288809	10.3790613718412	1.35379061371841	199.007220216606	9.92779783393502	18.5018050541516	18.9530685920578	45.5776173285198	180.054151624549	6.31768953068592	18.5018050541516	84.8375451263538	0	0	128.158844765343	22.1119133574007	23.4657039711191	17.5992779783393	87.0938628158845	53.7003610108303	22.5631768953069	149.368231046931	4.51263537906137	0	109.657039711191	0	109.205776173285	0	5.41516245487365	0	0	1.35379061371841	0	1.80505415162455	0	0	6.76895306859206	33.8447653429603	93.8628158844765	13.5379061371841	4.51263537906137	0	0	0	20.7581227436823	0	0	30.2346570397112	0	0	0	50.0902527075812	0	7.2202166064982	42.870036101083	0	1.35379061371841	0	0	22.5631768953069	5.86642599277978	0	0	0	10.3790613718412	0	3.6101083032491	0	0	32.942238267148	0	0	0	0	7.67148014440433	0
83-P	0	0	0	0	4877.42830712303	0	0	0	0	0	0	0	0	0	0	0	0	14.3385753931545	0	0	0	0	0	0	0	0	0	0	1031.91489361702	0	0	0	0	0	0	985.661424606846	0	0	0	0	0	0	0	0	0	0	0	0	0	0	0	0	0	0	0	0	0	0	0	0	0	0	0	0	0	0	0	0	0	0	0	0	0	0	0	0	0	0	0	0	0	0	0	0	0	0	0	0	0	0	0	0	0	0	0	0	0	0	0	0	0	0	0	0	0	0	0	0	0	0	0	0	0	0	0	0	0	0	0	0	0	0	0	0	0	0	0	0	0	0	0	0	0	0	0	0	0	0	0	0	0	0	0	0	0	0	0	0	0	0	0	0	0	0	0	0	0	0	0	0	0	0	0	0	0	0	0	0	0	0	0	0	0	0	0	0	0	0	0	0	0	0	0	0	0	0	0	0	0	0	0	0	0	0	0	0	0	0	0	0	0	0	0	0	0	0	0	0	0	0	0
72-A	215.066828675577	266.707168894289	5928.91859052248	137.30255164034	31.591737545565	30.9842041312272	69.2588092345079	3444.71445929526	35.2369380315917	34.629404617254	92.9526123936817	26.7314702308627	33.4143377885784	117.253948967193	0	0	10.3280680437424	0	0	0	1772.17496962333	0	0	13.3657351154313	5.4678007290401	0	551.640340218712	11.543134872418	0	24.3013365735115	13.3657351154313	1275.82017010936	0	1263.06196840826	623.936816524909	114.216281895504	0	132.442284325638	0	0	60.7533414337789	0	0	0	0	0	1034.02187120292	0	0	0	0	0	0	0	56.5006075334143	58.3232077764277	65.0060753341434	29.1616038882139	0	0	0	7.29040097205346	0	0	6.07533414337789	6.68286755771567	795.868772782503	12.7582017010936	69.2588092345079	0	758.809234507898	0	29.1616038882139	36.4520048602673	29.1616038882139	0	0	0	41.3122721749696	41.9198055893074	68.0437424058323	10.9356014580802	37.0595382746051	0	20.048602673147	84.4471445929526	55.2855407047388	0	75.3341433778858	12.7582017010936	0	23.086269744836	0	36.4520048602673	7.89793438639125	0	0	0	36.4520048602673	0	0	0	0	10.9356014580802	6.68286755771567	229.040097205346	13.9732685297691	0	0	0	0	0	23.6938031591738	0	0	5.4678007290401	14.5808019441069	387.606318347509	110.571081409478	0	0	13.3657351154313	14.5808019441069	30.3766707168894	12.1506682867558	0	204.738760631835	25.5164034021871	6.68286755771567	0	317.132442284326	0	0	0	12.1506682867558	0	0	0	0	5.4678007290401	0	0	0	0	11.543134872418	0	0	0	0	15.7958687727825	0	23.086269744836	7.29040097205346	38.8821385176185	0	0	0	195.01822600243	0	0	76.5492102065614	14.5808019441069	108.140947752126	27.9465370595383	170.716889428919	167.67922235723	30.3766707168894	161.603888213852	0	81.4094775212637	158.566221142163	4.86026731470231	0	0	0	0	106.925880923451	59.5382746051033	0	0	0	0	0	0	116.646415552855	9.11300121506683	0	58.3232077764277	0	12.1506682867558	0	0	15.7958687727825	0	0	0	0	71.6889428918591	4.86026731470231	0	0	0	51.0328068043742	0	0	0	0	32.1992709599028	19.4410692588092	0	0
94-P	161.5284411637	4056.88232739904	69.9088145896657	0	280.503690838037	68.1719496309162	269.214068606166	0	0	607.90273556231	39.0794615718628	16.0660008684325	0	789.839339991316	0	0	605.731654363873	0	165.002171081198	0	0	558.836300477638	0	152.409900130265	0	0	23.0134607034303	0	0	0	3.90794615718628	320.885801128962	0	0	0	357.794181502388	48.6322188449848	0	37.3425966131133	21.2765957446809	25.1845419018671	0	233.174120712115	0	768.562744246635	0	0	0	82.5010855405992	0	697.351280937907	693.877551020408	0	31.2635692574902	0	0	0	0	0	53.4085974815458	77.2904906643509	54.2770299609205	0	0	30.3951367781155	0	0	39.0794615718628	0	0	0	1.30264871906209	0	0	0	0	0	299.174989144594	0	29.9609205384281	48.6322188449848	0	101.606600086843	44.7242726877985	0	0	65.566652192792	0	0	270.082501085541	56.4481111593574	0	0	0	0	0	0	0	0	0	0	0	0	47.7637863656101	101.172383847156	0	25.6187581415545	23.4476769431177	0	0	0	0	0	0	0	0	0	0	0	70.7772470690404	16.9344333478072	31.6977854971776	0	0	0	67.3035171515415	34.7372991749891	0	0	227.095093356492	0	0	224.924012158055	0	0	0	0	0	0	0	0	0	26.4871906209292	11.2896222318715	18.6712983065567	0	0	21.7108119843682	0	0	0	24.7503256621798	0	0	142.422926617455	0	0	0	0	0	0	0	0	0	0	0	29.0924880590534	0	18.2370820668693	0	0	0	70.7772470690404	1.73686495874946	22.1450282240556	0	26.9214068606166	0	0	0	0	85.1063829787234	0	0	0	0	0	0	0	0	0	0	0	0	0	0	53.4085974815458	0	31.2635692574902	0	0	0	31.6977854971776	0	0	9.11854103343465	0	0	0	0	0
75-A	289.431416639897	77.4172823642788	2562.47992290395	0	639.89720526823	0	0	0	0	150.33729521362	39.5117250240925	624.47799550273	0	113.395438483778	0	0	142.948923867652	895.277867009316	748.152907163508	0	0	0	15.7404433022808	838.419530999036	0	0	271.442338580148	0	0	0	342.756183745583	177.320912303244	0	0	0	0	0	541.278509476389	0	0	143.591390941214	77.4172823642788	0	0	0	0	0	0	0	0	0	0	0	14.1342756183746	30.5171859942178	78.0597494378413	152.264696434308	469.643430774173	0	0	58.4645036941857	0	0	0	0	124.31737873434	0	0	0	0	0	398.008352071956	0	0	0	0	0	0	0	0	0	0	83.8419530999036	0	0	0	0	0	177.963379376807	0	0	0	0	0	0	0	0	238.034050754899	75.1686476068102	175.393511082557	0	0	0	0	0	229.360745261805	0	0	0	0.32123353678124	0	36.9418567298426	140.379055573402	0	0	0	0	0	0	28.9110183103116	60.7131384516544	0	0	0	0	0	23.4500481850305	0	35.6569225827176	0	0	0	0	0	0	0	0	0	0	0	0	31.1596530677803	75.8111146803726	0	0	0	0	0	13.8130420815933	0	0	0	0	0	0	0	0	0	0	0	0	0	58.7857372309669	0	0	0	0.64246707356248	36.2993896562801	43.3665274654674	0	0	0	0	0	0	0	0	0	0	0	46.5788628332798	0	0	0	0	0	0	40.4754256344362	0	0	0	0	0	0	0	0	0	0	0	0	0	0	0	0	0	0	0	0.64246707356248	0	0	0
93-P	354.309687261632	3034.32494279176	530.511060259344	759.725400457666	172.387490465294	289.473684210526	196.033562166285	0	72.0823798627002	988.558352402746	98.7795575896263	0	0	217.009916094584	196.414950419527	0	478.642257818459	0	0	0	0	0	0	0	0	0	0	0	0	0	0	0	0	363.081617086194	0	285.659801678108	0	0	0	0	0	0	205.949656750572	54.5385202135774	0	0	0	0	0	100.686498855835	0	0	0	12.9672006102212	0	0	0	0	0	0	0	64.4546147978642	0	0	0	0	0	3.0511060259344	0	0	0	40.4271548436308	150.648360030511	0	0	0	0	0	0	34.7063310450038	0	0	0	0	0	0	46.9107551487414	0	0	155.606407322654	0	102.974828375286	0	0	103.73760488177	0	23.2646834477498	0	146.834477498093	0	0	0	0	0	0	0	0	45.0038138825324	0	0	0	80.4729214340198	0	0	0	0	0	0	0	0	0	0	0	0	0	217.009916094584	85.4309687261632	0	0	0	0	0	0	0	0	0	0	0	0	0	0	0	22.5019069412662	0	0	64.0732265446224	146.071700991609	0	0	0	0	0	0	12.2044241037376	0	0	0	0	0	0	0	0	0	0	0	0	20.5949656750572	0	0	0	0	0	0	0	0	0	0	0	0	0	0	0	0	0	0	0	0	0	0	0	0	0	0	0	0	0	0	14.8741418764302	0	0	0	0	0	0	0	0	0	0	0	0	0
95-A	5197.61273209549	122.015915119363	437.665782493369	640.583554376658	0	0	1622.01591511936	125.331564986737	3726.12732095491	1260.6100795756	1159.15119363395	484.74801061008	155.172413793103	88.8594164456233	0	0	0	0	96.816976127321	164.456233421751	0	0	0	0	25.8620689655172	155.172413793103	43.7665782493369	0	0	122.015915119363	1.3262599469496	5.30503978779841	24.5358090185676	0	22.5464190981432	0	0	45.0928381962865	0	1273.20954907162	0	0	0	0	0	0	52.3872679045093	0	21.8832891246684	9.28381962864722	0	0	88.1962864721485	0	0	5.30503978779841	275.862068965517	0	0	36.4721485411141	0	0	0	0	43.1034482758621	0	23.209549071618	0	0	0	98.1432360742706	0	0	0	0	47.0822281167109	145.225464190981	0	0	12.5994694960212	0	59.6816976127321	0	10.6100795755968	247.347480106101	109.416445623342	16.57824933687	0	19.2307692307692	0	0	0	0	0	0	539.124668435013	0	0	0	0	18.5676392572944	87.5331564986737	0	0	124.668435013263	0	0	0	461.538461538462	0	452.917771883289	7.95755968169761	0	0	0	354.111405835544	0	134.615384615385	16.57824933687	0	0	0	95.4907161803714	0	0	0	71.6180371352785	0	0	0	74.9336870026525	0	0	0	0	1.3262599469496	5.96816976127321	0	0	9.28381962864722	0	0	21.2201591511936	29.840848806366	0	258.620689655172	61.0079575596817	0	0	0	64.3236074270557	0	0	0	0	0	0	0	0	0	33.8196286472149	78.2493368700265	2.6525198938992	3.315649867374	11.9363395225464	52.3872679045093	0	66.3129973474801	0	0	0	15.2519893899204	0	0	0	0	41.7771883289125	0	0	0	0	0	0	0	30.5039787798408	0	0	38.4615384615385	0	0	0	29.840848806366	0	0	51.7241379310345	0	0	0	0	0	51.0610079575597	0	0	0	0	0	43.7665782493369	0	16.57824933687	0	0
88-P	293.766714667764	1394.98045669615	351.162312281424	534.457930466982	0	1545.15531783584	403.620654186381	0	51.0183089899198	161.695124459988	91.1335116231228	0	0	237.399711993417	167.660975108002	0	249.537132277309	0	0	53.4869368442707	0	0	0	0	159.637934581362	0	0	0	0	317.630117259823	16.2518000411438	0	451.553178358363	0	0	193.993005554413	0	0	0	43.4067064390043	68.9158609339642	0	197.284509360214	0	58.8356305286978	215.182061304258	0	0	98.7451141740383	67.064390043201	109.648220530755	276.69203867517	0	0	0	0	0	0	32.297881094425	0	0	283.89220325036	0	280.806418432421	102.03661797984	0	0	0	0	145.854762394569	0	22.4233696770212	0	0	0	0	39.2923266817527	28.8006583007612	0	17.0746759925941	218.47356511006	0	0	0	102.85949393129	0	76.9389014606048	0	0	0	0	0	0.617156963587739	56.1612836864843	92.984982513886	0	20.9833367619831	121.168483851059	85.7848179386958	0	0	0	0	0	0	0	0	48.1382431598437	0	0	0	29.8292532400741	0	48.7554001234314	22.011931701296	104.093807858465	80.6418432421313	0	0	0	80.2304052664061	0	0	13.5774531989303	0	24.2748405677844	0	75.0874305698416	0	0.822875951450319	0	63.9786052252623	11.3145443324419	0	104.710964822053	0	6.58300761160255	10.0802304052664	0	16.8689570047315	0	0	14.6060481382432	6.37728862373997	0	0	0	17.0746759925941	0	0	0	0	0	26.9491874099979	0	0	0	0	0	0	0	0	0	0	0	0	0	0	0	0	0	0	0	0	15.0174861139683	0	0	0	0	16.8689570047315	0	4.11437975725159	0	0	0	0	38.4694507303024	0	0	18.3089899197696	0	13.1660152232051	0	0	0	25.0977165192347	0	0	0	0	0	0	0	0	0	0	0	0	0	0	0
80-A	0	0	7561.98347107438	0	0	0	0	2713.84297520661	0	0	0	403.925619834711	1935.95041322314	0	0	81.6115702479339	0	0	942.148760330579	0	1520.66115702479	0	0	199.380165289256	2689.04958677686	2647.72727272727	323.347107438017	0	0	0	6.19834710743802	2.06611570247934	0	0	1126.03305785124	0	6.19834710743802	493.801652892562	0	0	0	15.495867768595	0	0	0	0	270.661157024793	0	0	0	4.13223140495868	0	0	0	0	35.1239669421488	158.057851239669	13.4297520661157	0	0	0	0	0	0	0	145.661157024793	1080.57851239669	0	1307.85123966942	0	642.561983471074	0	0	0	0	0	0	3.09917355371901	25.8264462809917	0	0	77.4793388429752	11.3636363636364	0	0	0	0	51.6528925619835	171.487603305785	0	0	0	0	0	0	0	0	0	11.3636363636364	767.561983471074	0	0	0	0	0	291.322314049587	0	0	0	0	0	0	13.4297520661157	0	0	0	0	0	266.528925619835	0	0	0	0	492.768595041322	0	0	95.0413223140496	0	0	0	195.247933884298	0	0	0	0	0	0	0	0	0	0	0	0	0	0	39.2561983471074	0	0	0	32.0247933884297	0	0	0	0	0	0	0	296.487603305785	0	0	0	0	300.619834710744	237.603305785124	12.396694214876	0	0	67.1487603305785	0	183.884297520661	0	0	0	0	0	0	0	6.19834710743802	0	0	0	0	0	0	63.0165289256198	0	0	55.7851239669422	0	0	0	15.495867768595	0	0	0	0	0	22.7272727272727	0	0	81.6115702479339	65.0826446280992	66.1157024793389	0	0	0	0	0	0	0	19.6280991735537
84-P	3081.76614881439	3891.25102207686	548.650858544563	4027.80049059689	0	165.16762060507	5849.55028618152	0	2589.53393295176	3089.94276369583	1104.66067048242	0	0	82.5838103025347	1558.46279640229	0	138.184791496321	8.17661488143908	0	170.891251022077	0	100.572363041701	18.8062142273099	0	0	0	0	0	0	178.250204415372	0	0	0	0	0	798.855273916598	0	0	20.4415372035977	399.018806214227	173.344235486509	0	70.3188879803761	0	43.3360588716271	0	0	0	0	24.5298446443173	0	0	0	0	0	4.08830744071954	0	0	0	0	373.671300081766	74.4071954210957	0	0	53.965658217498	0	0	0	0	41.7007358953393	0	0	0	0	0	0	85.8544562551104	0	0	31.8887980376124	802.943581357318	0	0	0	0	0	104.66067048242	0	0	244.480784955029	0	0	3.27064595257563	38.4300899427637	0	319.705641864268	663.12346688471	0	19.6238757154538	0	0	15.5355682747343	0	0	0	0	0	90.7604251839738	0	0	0	5.72363041700736	0	25.3475061324612	0	0	22.0768601798855	0	0	423.548650858545	0	0	0	7.35895339329518	0	24.5298446443173	0	0	0	100.572363041701	0	0	28.6181520850368	0	0	0	0	0	0	0	41.7007358953393	33.5241210139002	0	55.6009811937858	0	0	0	0	0	0	0	0	0	260.834014717907	0	0	0	0	262.469337694195	0	0	92.3957481602616	0	0	0	0	0	0	0	0	22.8945216680294	0	0	31.0711365494685	0	0	0	0	0	0	0	26.1651676206051	0	0	0	0	0	0	0	0	38.4300899427637	0	0	0	0	0	0	0	0	0	0	0	0	0	0	0	0	0	0	0	0
96-P	765.625	1415.17857142857	0	4909.22619047619	0	298.363095238095	874.255952380952	0	20.0892857142857	294.642857142857	711.309523809524	0	5.20833333333333	465.029761904762	180.803571428571	0	34.9702380952381	0	5.95238095238095	142.113095238095	0	0	107.142857142857	0	0	0	0	50.5952380952381	0	649.553571428571	0	41.6666666666667	27.5297619047619	29.7619047619048	0	59.5238095238095	2.97619047619048	34.2261904761905	4.46428571428571	183.779761904762	149.553571428571	0	43.8988095238095	0	11.1607142857143	335.565476190476	4.46428571428571	402.529761904762	1.48809523809524	198.660714285714	0	130.208333333333	11.1607142857143	0	46.875	0	0	0	0	0	302.083333333333	26.7857142857143	34.9702380952381	0	79.6130952380952	0	0	2.23214285714286	0	0	0	228.422619047619	0	68.452380952381	152.529761904762	0	346.72619047619	291.666666666667	0	202.380952380952	47.6190476190476	0	65.4761904761905	3.7202380952381	161.458333333333	0	282.738095238095	8.18452380952381	0	0	5.95238095238095	31.25	218.75	155.505952380952	40.922619047619	41.6666666666667	37.202380952381	94.4940476190476	42.4107142857143	0	29.7619047619048	47.6190476190476	0	0	0	0	17.8571428571429	35.7142857142857	0	0	0	46.1309523809524	0	0	0	311.011904761905	0	0	0	182.291666666667	65.4761904761905	0	0	12.6488095238095	7.44047619047619	0	30.5059523809524	87.797619047619	0	0	0	0	8.18452380952381	0	38.6904761904762	6.69642857142857	0	58.7797619047619	75.8928571428571	0	0	26.7857142857143	31.25	58.7797619047619	25.297619047619	8.18452380952381	15.625	0	0	0	53.5714285714286	35.7142857142857	0	0	0	0	0	0	21.577380952381	0	0	0	0	0	0	0	0	0	0	0	0	6.69642857142857	13.3928571428571	73.6607142857143	0	0	0	0	109.375	0	0	47.6190476190476	0	0	0	0	0	0	0	0	38.6904761904762	0	0	0	5.95238095238095	12.6488095238095	0	0	0	2.97619047619048	0	0	1.48809523809524	0	25.297619047619	0	17.1130952380952	13.3928571428571	0	0	0
84-A	61.3333333333333	437.333333333333	12341.3333333333	104	14224	0	261.333333333333	0	200	170.666666666667	10.6666666666667	5997.33333333333	0	1184	0	0	0	0	0	8032	0	0	0	16	2888	0	0	0	0	0	237.333333333333	0	0	0	5.33333333333333	3416	5541.33333333333	0	0	0	304	0	0	0	0	0	0	0	0	50.6666666666667	0	64	0	0	0	453.333333333333	0	1672	0	0	752	0	13.3333333333333	0	0	0	0	0	0	0	0	0	0	0	0	0	0	0	0	0	66.6666666666667	0	13.3333333333333	2594.66666666667	40	0	0	0	0	0	0	0	0	0	0	42.6666666666667	0	0	16	0	0	0	0	0	0	0	0	0	0	128	0	0	0	0	0	0	0	0	0	0	0	0	0	0	0	0	0	0	0	0	0	0	0	0	0	0	0	0	0	0	48	0	90.6666666666667	112	18.6666666666667	498.666666666667	0	0	0	0	0	0	0	0	0	0	0	0	0	0	0	0	0	0	0	0	0	0	85.3333333333333	0	0	0	0	0	0	0	0	0	0	0	0	0	0	0	0	0	13.3333333333333	0	0	0	0	0	0	0	0	0	0	0	0	0	0	0	0	0	0	0	0	0	0	0	0
79-P	557.121288374434	1894.31303472572	264.720684448918	2606.4418721691	0	0	1555.6114745848	0	318.570709612481	2560.1409159537	60.3925515853045	6.03925515853045	0	1131.35379969804	201.308505284348	0	50.3271263210871	0	0	0	0	0	9.56215400100654	0	53.3467539003523	0	0	0	0	351.786612984399	0	31.7060895822849	0	261.197785606442	0	375.44036235531	0	0	0	0	121.28837443382	0	38.751887267237	0	60.3925515853045	0	0	0	2.51635631605435	16.6079516859587	160.040261701057	104.680422747861	0	22.6472068444892	39.7584297936588	0	0	0	0	0	698.540513336688	23.1504781077	0	0	59.8892803220936	0	0	0	0	0	0	128.837443381983	60.3925515853045	0	14.5948666331152	0	245.093105183694	146.955208857574	0	0	446.904881731253	0	0	0	0	0	16.1046804227479	0	0	37.7453447408153	0	63.4121791645697	1.00654252642174	123.804730749874	0	125.817815802718	348.263714141922	0	16.6079516859587	0	0	25.6668344237544	0	0	0	0	0	7.54906894816306	0	219.92954202315	28.6864620030196	165.576245596376	0	165.072974333166	0	49.3205837946653	0	0	0	124.811273276296	0	0	0	0	0	0	0	0	0	0	0	0	0	0	0	0	0	35.2289884247609	0	0	0	36.7388022143936	206.844489179668	104.17715148465	6.03925515853045	28.1831907398088	0	33.2159033719175	0	0	0	0	0	0	0	0	0	0	68.4448917966784	0	0	104.17715148465	0	0	0	0	22.6472068444892	0	0	0	0	0	0	0	71.4645193759436	29.6930045294414	0	0	24.6602918973327	0	0	40.2617010568696	0	0	0	0	0	0	77.0005032712632	0	0	0	0	0	0	0	10.5686965274283	0	0	0	0	0	0	0	0	0	0	0	0	0	0
72-P	54.5625587958608	912.511759172154	4569.14393226717	63.0291627469426	269.049858889934	0	201.317027281279	19.755409219191	43.2737535277517	21.6368767638758	12.2295390404516	4120.41392285983	4113.82878645343	425.211665098777	0	52.6810912511759	0	237.064910630292	12.2295390404516	10.3480714957667	0	0	274.694261523989	1992.47412982126	22.5776105362183	0	51.7403574788335	48.9181561618062	0	9.40733772342427	612.41768579492	40.4515522107244	76.1994355597366	226.716839134525	0	162.74694261524	481.655691439323	634.054562558796	38.5700846660395	0	525.870178739417	32.925682031985	0	0	0	0	0	0	0	0	0	95.9548447789276	0	0	0	1390.40451552211	0	0	0	0	360.30103480715	16.9332079021637	0	0	0	110.065851364064	8.46660395108184	1201.31702728128	0	0	0	0	0	14.1110065851364	0	9.40733772342427	0	0	48.9181561618062	0	12.2295390404516	2.82220131702728	31.0442144873001	39.5108184383819	36.6886171213547	0	70.555032925682	37.6293508936971	0	349.952963311383	841.956726246472	245.531514581373	0	13.170272812794	0	0	51.7403574788335	21.6368767638758	52.6810912511759	0	0	0	0	31.9849482596425	17.8739416745061	0	0	282.220131702728	0	50.7996237064911	0	16.9332079021637	47.9774223894638	70.555032925682	0	0	15.0517403574788	0	0	0	110.065851364064	128.880526810913	0	23.5183443085607	0	15.0517403574788	0	0	498.588899341486	0	0	0	0	485.418626528692	0	0	0	0	0	0	10.3480714957667	6.58513640639699	0	24.4590780809031	32.925682031985	97.8363123236124	0	8.46660395108184	0	0	0	0	0	0	0	0	0	0	0	20.6961429915334	0	0	0	0	0	0	0	0	187.206020696143	0	38.5700846660395	7.52587017873942	21.6368767638758	0	0	0	0	0	0	0	32.925682031985	0	0	0	0	177.798682972719	0	70.555032925682	0	0	14.1110065851364	0	0	124.1768579492	0	0	0	0	5.64440263405456	0	0	0	0	2.82220131702728	0	0	0	59.2662276575729	0	0	0
85-P	423.917612442203	1013.87137452711	167.087011349306	224.884405212274	27.7427490542245	0	307.271963009668	0	96.2589323245061	200.714585960488	94.577553593947	0	0	77.5535939470366	0	0	0	109.920134510298	0	0	0	0	213.324926439681	0	36.7801597309794	0	167.717528373266	0	0	78.3942833123161	0	0	0	0	0	49.8108448928121	0	34.4682639764607	42.4548129466162	46.8684321143338	90.5842791088693	0	0	0	0	0	0	0	0	68.3060109289618	0	53.3837746952501	0	0	0	0	0	0	0	0	0	77.5535939470366	0	0	0	0	0	0	0	0	0	51.9125683060109	86.8011769651114	119.167717528373	0	0	0	0	0	0	132.618747372846	0	0	0	20.3867171080286	0	89.32324506095	0	0	14.5018915510719	0	0	61.3703236654056	46.448087431694	32.156368221942	57.3770491803279	0	51.9125683060109	88.4825556956705	0	0	0	67.0449768810425	60.9499789827659	0	0	0	0	0	67.2551492223623	13.0306851618327	0	0	0	0	102.143757881463	85.5401429171921	0	0	41.4039512400168	25.2206809583859	0	40.1429171920975	0	120.008406893653	0	0	39.7225725094578	0	0	0	0	4.83396385035729	0	0	0	0	0	0	0	0	0	0	13.2408575031526	0	37.6208490962589	0	38.2513661202186	0	0	0	0	0	75.4518705338377	74.8213535098781	13.8713745271122	0	0	0	0	0	2.52206809583859	0	0	0	0	0	0	0	0	0	0	0	0	0	0	0	0	0	0	41.6141235813367	0	0	0	0	0	0	0	0	0	0	0	0	0	0	0	0	0	0	0	0	0	0	0	0	0	0	0	0	0	0
100-A	0	167.371885284438	641.043723554302	169.722614010343	111.424541607898	0	0	0	0	0	0	0	0	105.547719793136	0	804.419370004702	0	0	719.55806299953	21.8617771509168	0	0	0	0	0	0	599.670897978373	0	52.6563234602727	0	13.1640808650682	0	0	511.048425011754	0	5.17160319699107	0	474.612129760226	0	0	161.259990597085	438.410907381288	0	0	0	0	0	0	0	166.431593794076	0	0	361.071932299013	0	102.021626704278	45.8392101551481	133.756464503996	133.051245886225	0	0	0	0	152.562294311236	0	0	16.9252468265162	0	0.470145745181006	0	0	0	0	0	71.4621532675129	0	0	267.748001880583	0	262.106252938411	23.0371415138693	0	235.307945463094	84.6262341325811	0	0	0	11.9887165021157	217.207334273625	214.151386929948	0	43.2534085566526	0	0	0	0	0	0	0	0	0	0	0	0	0	66.7606958157029	45.6041372825576	166.196520921486	0	0	0	0	0	0	0	0	0	0	0	0	0	0	0	0	0	0	92.6187118006582	107.66337564645	0	75.223319228961	0	0	0	11.7536436295252	0	0	0	0	0	0	0	0	0	0	0	0	0	0	0	0	0	0	0	0	57.1227080394922	0	0	0	0	0	0	69.3464974141984	0	0	0	0	0	0	33.1452750352609	0	0	0	22.3319228960978	0	0	0	0	0	0	0	0	0	0	0	0	0	0	0	0	0	0	0	0	0	0	0	0	20.6864127879643	0	0	12.9290079924777	0	0	0	0	0	0	0	0	0	0	0
82-P	101.9481747683	849.442027614905	836.012861736334	384.906374125213	19.6708908643843	98.3544543219217	32.5326271987895	2.26971817665973	10.970304520522	59.580102137318	59.7692453187063	7.18744089275582	0	53.527520332892	170.039720068092	0	100.624172498581	0	151.12540192926	11.7268772460753	0	53.3383771515037	0	36.8829203707206	35.7480612823908	0	16.0771704180064	20.2383204085493	0	22.508038585209	5.29600907887271	197.843767732173	0	0	0	93.8150179686022	8.7005863438623	0	0	5.67429544164933	66.2001134859088	0	43.5029317193115	0	183.65802912805	334.026858331757	35.5589181010025	24.5886135804804	2.64800453943635	35.3697749196142	113.296765651598	22.3188954038207	0	28.3714772082466	0.945715906941555	34.6132021940609	0	15.1314545110649	14.3748817855116	134.102515604312	194.81747682996	94.7607338755438	121.240779269907	11.1594477019103	30.4520522035181	0	0	0	0	25.3451863060337	0	12.8617363344051	150.747115566484	43.1246453565349	0	0	0	210.894647247967	0	150.368829203707	33.6674862871194	47.474938528466	46.9075089843011	22.1297522224324	106.487611121619	0	108.189899754114	131.0762247021	18.7251749574428	3.97200680915453	12.4834499716285	0	163.041422356724	29.6954794779648	147.153395120106	20.8057499527142	0	17.022886324948	104.028749763571	4.35029317193115	14.5640249668999	7.18744089275582	0	46.9075089843011	0	0	0	27.4257613013051	0	88.1407225269529	0	40.8549271798752	18.7251749574428	18.1577454132779	125.969358804615	41.989786268205	12.8617363344051	0	0	0	46.1509362587479	0	108.56818611689	0	15.5097408738415	62.7955362209192	95.3281634197087	71.8744089275582	0	5.67429544164933	0	72.8201248344997	6.62001134859088	0	57.8778135048232	90.4104407036126	30.4520522035181	22.1297522224324	0	82.6555702666919	9.64630225080386	0	37.4503499148856	18.3468885946662	0	16.0771704180064	0	0	0	71.8744089275582	0	66.9566862114621	9.26801588802724	20.4274635899376	0	42.3680726309817	0	6.62001134859088	13.996595422735	58.2560998675998	0	23.6428976735389	0	0	0	9.45715906941555	8.51144316247399	0	0	12.8617363344051	4.72857953470777	31.7760544732362	0	0	2.08057499527142	0	40.8549271798752	0	0	37.4503499148856	0	26.4800453943635	0	0	0	0	18.1577454132779	0	0	31.9651976546245	31.7760544732362	30.4520522035181	0	0	0	24.2103272177038	0	0	12.4834499716285	6.62001134859088	0	0	11.537734064687	0	0.945715906941555	12.1051636088519	0	0	0	10.2137317949688	0.567429544164933
74-P	0	590.057049714751	273.295300190166	0	0	0	494.159195870687	0	0	0	0	0	0	256.044553110568	0	0	0	426.922032056506	0	0	0	0	0	0	192.474870958979	0	0	0	0	0	0	0	0	0	0	0	0	96.3053518065743	0	0	254.007063298017	0	0	0	0	0	0	0	0	223.444716109753	157.430046183102	0	0	202.254822059223	0	0	0	0	196.41401792991	0	0	0	0	0	0	0	0	0	0	170.198315675088	0	0	0	0	0	0	0	0	0	0	0	0	0	0	0	0	63.2980168432491	0	0	0	0	0	0	113.691931540342	0	0	0	0	0	0	0	0	0	0	0	0	0	0	0	0	0	0	0	0	0	0	0	0	0	0	0	0	0	0	0	0	0	0	0	0	2.173322466721	0	0	0	0	0	0	0	0	0	0	0	0	8.01412659603369	0	0	0	0	0	0	0	0	0	0	0	0	0	0	0	0	0	0	0	0	0	0	0	0	0	0	0	0	0	0	0	0	0	0	0	0	0	0	0	0	0	0	0	0	0	0	0	0	0	0	0	0	0	0	0	0	0	0	0	0	0	0	0	0	0	0	0
89-P	83.7789661319073	2467.61734997029	252.525252525253	827.688651218063	49.9108734402852	0	754.604872251931	0	973.262032085561	130.124777183601	216.874628639335	72.4896019013666	0	79.0255496137849	825.906120023767	0	117.647058823529	21.3903743315508	0	0	0	0	43.3749257278669	0	43.3749257278669	0	0	0	0	423.054070112894	22.5787284610814	0	0	40.4040404040404	0	80.8080808080808	46.9399881164587	34.4622697563874	12.4777183600713	0	54.6642899584076	0	0	0	150.326797385621	35.650623885918	0	24.9554367201426	306.595365418895	371.954842543078	0	0	0	0	0	50.5050505050505	0	0	0	0	51.0992275698158	32.0855614973262	0	0	336.30421865716	0	20.2020202020202	23.767082590612	0	181.224004753417	0	376.114081996435	0	0	0	10.6951871657754	26.1437908496732	0	0	0	8.9126559714795	0	0	0	0	0	185.383244206774	0	0	90.3149138443256	0	122.994652406417	11.2893642305407	169.340463458111	0	0	0	0	0	0	0	439.096850861557	0	30.3030303030303	5.3475935828877	0	0	188.3541295306	76.6488413547237	0	0	405.8229352347	35.0564468211527	0	29.708853238265	191.325014854427	0	0	0	89.7207367795603	17.825311942959	0	0	0	0	0	0	38.0273321449792	0	0	0	0	33.2739156268568	0	70.1128936423054	35.650623885918	0	0	0	0	0	36.2448009506833	32.0855614973262	0	0	7.7243018419489	0	0	0	0	0	0	0	159.833630421866	0	0	0	8.9126559714795	0	0	0	0	0	0	0	0	159.833630421866	0	0	0	0	0	0	0	0	0	0	0	2.3767082590612	0	38.6215092097445	99.2275698158051	0	0	0	6.5359477124183	0	0	0	0	0	0	0	0	0	0	0	0	0	0	0	0	0	0	0	0	0	32.0855614973262	0	0	0
94-A	0	0	2390.77809798271	0	0	0	0	0	0	0	0	0	0	0	0	0	0	0	0	0	0	0	0	0	0	0	0	0	0	0	0	0	0	0	0	0	0	0	0	0	561.383285302594	0	0	0	0	0	0	0	0	0	0	0	0	0	0	0	0	0	0	0	0	0	0	0	0	765.994236311239	0	0	0	0	0	0	0	0	0	413.832853025937	0	0	0	0	0	0	0	0	0	0	0	0	0	0	0	0	0	0	0	0	0	0	0	0	0	0	0	0	413.256484149856	0	0	0	0	0	0	0	0	0	0	0	0	0	0	0	0	0	0	0	0	0	0	0	0	0	0	0	0	0	0	0	0	0	0	0	0	0	0	172.910662824207	0	0	0	0	0	0	0	0	0	0	0	0	0	0	0	0	0	0	0	0	0	0	0	0	0	0	0	0	0	0	0	0	0	0	0	0	0	0	0	0	0	0	0	0	0	0	0	0	0	0	0	0	0	0	0	0	0	0	0	0	0	0	0	0	0	0	0
75-P	133.198278045075	839.706254748038	981.767536085085	279.057989364396	15.9534059255508	132.691820714105	311.218029880983	15.4469485945809	84.5783742719676	95.2139782223348	68.3717396809319	463.914915168397	473.790833122309	92.4284629020005	117.751329450494	0	76.2218283109648	25.0696378830084	299.822739934161	139.022537351228	0	170.92934920233	16.9663205874905	216.763737655103	21.2712079007344	0	0	29.3745251962522	0	53.6844770828058	40.5165864775893	168.650291212965	16.9663205874905	7.85008863003292	0	54.1909344137756	66.8523676880223	57.4829070650798	0	14.940491263611	62.0410230438086	4.30488731324386	46.0876171182578	0	80.5267156242087	135.224107368954	15.9534059255508	0	9.11623195745758	53.6844770828058	0	42.7956444669537	0	0	0	212.205621676374	0	0	0	355.026589009876	81.5396302861484	86.857432261332	119.523930108888	6.83717396809319	26.335781210433	10.6356039503672	0	104.076981514307	0	109.901240820461	2.53228665484933	4.05165864775893	23.2970372246138	88.3768042542416	0	0	9.11623195745758	60.521651050899	6.33071663712332	237.528488224867	11.9017472777918	0	62.2942517092935	9.62268928842745	27.3486958723728	0	67.865282349962	22.790579893644	8.10331729551785	92.1752342365156	113.699670802735	13.4211192707014	27.3486958723728	2.78551532033426	14.1808052671562	36.7181564953153	13.9275766016713	0.506457330969866	63.3071663712332	7.85008863003292	37.731071157255	0	61.0281083818688	10.6356039503672	0	26.589009875918	3.29197265130413	28.6148391997974	0	21.2712079007344	0	19.7518359078248	64.320081033173	83.8186882755128	44.0617877943783	4.81134464421373	0	0	0	42.0359584704989	88.8832615852114	0	22.2841225626741	22.2841225626741	34.4390985059509	37.731071157255	35.7052418333755	33.1729551785262	34.1858698404659	0	0	128.386933400861	30.6406685236769	57.4829070650798	13.1678906052165	7.34363129906305	120.790073436313	115.472271461129	3.29197265130413	31.1471258546467	16.7130919220056	0	39.2504431501646	34.9455558369207	0	11.9017472777918	6.33071663712332	0	0	93.6946062294252	0	13.6743479361864	92.9349202329704	8.60977462648772	0	38.7439858191947	33.4261838440111	0	0	68.6249683464168	0	0	0	13.4211192707014	0	14.940491263611	0	0	9.36946062294252	26.589009875918	2.2790579893644	16.9663205874905	34.6923271714358	8.60977462648772	0	0	1.77260065839453	0	0	12.9146619397316	0	18.738921245885	1.5193719929096	0	0	8.86300329197265	0	8.35654596100279	27.0954672068878	0	11.6485186123069	38.9972144846797	37.2246138262851	13.6743479361864	0	0	0	0	17.9792352494302	19.2453785768549	0	2.2790579893644	0	1.5193719929096	12.4082046087617	17.7260065839453	0	9.62268928842745	0	9.11623195745758	0
88-A	21.868787276342	1241.21935056329	1160.03976143141	66.2690523525514	0	82.8363154406892	53.6779324055666	0	21.868787276342	140.821736249172	51.6898608349901	21.868787276342	0	161.365142478463	1164.01590457256	0	293.571901921803	0	306.825712392313	200.132538104705	0	0	137.508283631544	0	119.946984758118	0	72.5646123260437	0	0	179.920477137177	17.5612988734261	16.5672630881378	46.7196819085487	572.564612326044	0	185.222001325381	22.5314777998675	113.982770046388	0.99403578528827	0	38.4360503644798	0	277.004638833665	0	193.50563286945	35.7852882703777	0	0	555.997349237906	232.604373757455	28.8270377733598	42.0808482438701	0	0	33.1345261762757	14.5791915175613	0	71.5705765407555	0	0	255.798542080848	208.084824387011	19.2180251822399	0	446.322067594433	30.1524188204109	0	0	0	198.807157057654	0	5.96421471172962	0	0	393.306825712392	0	23.5255135851557	102.717031146455	22.2001325381047	21.868787276342	190.854870775348	1.98807157057654	41.4181577203446	0	195.493704440027	0	22.5314777998675	0	38.4360503644798	0	7.62094102054341	11.5970841616965	1.98807157057654	20.5434062292909	0	25.844930417495	0	268.389662027833	32.8031809145129	59.973492379059	39.7614314115308	97.0841616964877	0	0	0	0	26.1762756792578	0	52.3525513585156	2.3194168323393	0	0	222.995361166335	50.0331345261763	16.5672630881378	9.60901259111995	0	0	0	0	23.8568588469185	15.9045725646123	0	60.3048376408217	0	11.9284294234592	75.8780649436713	14.2478462557985	0	0	0	0	166.666666666667	0	17.2299536116634	31.1464546056991	14.5791915175613	41.7495029821074	0	18.8866799204771	0	0	0	8.61497680583168	0	0.99403578528827	0	57.6540755467197	0	63.9496355202121	0	0	9.9403578528827	25.1822398939695	0	22.2001325381047	0	90.7886017229954	0	0	0	0	0	37.4420145791915	0	0	25.1822398939695	0	88.8005301524188	0	0	82.1736249171637	0	2.65076209410205	19.5493704440027	72.8959575878065	0	10.2717031146455	0	56.9913850231942	0	10.2717031146455	0	0	0	0	45.7256461232604	0	40.7554671968191	0	0	0.662690523525514	0	0	0	10.2717031146455	17.8926441351889	0	0	24.8508946322068	0	0	11.2657388999337	0	0	0	0	0	0	0	0
73-P	750.481324605314	552.56064690027	1035.81055063535	1429.72660762418	0	728.917982287255	1182.13323065075	222.179437812861	252.599152868695	413.554100885637	371.197535618021	5.00577589526377	0	17.3276857912977	193.685021178283	0	113.592606854062	0	4.23565652676165	8.08625336927224	0	15.7874470542934	0	0	84.3280708509819	0	0	38.891028109357	0	105.891413169041	0	171.351559491721	0	18.4828648440508	0	61.9946091644205	0	3.46553715825953	15.7874470542934	17.3276857912977	102.810935695033	0	70.0808625336927	0	15.0173276857913	44.2818636888718	14.2472083172892	0	344.628417404698	152.86869464767	162.880246438198	0	0	0	0	69.3107431651906	0	3.46553715825953	0	0	80.0924143242203	67.3854447439353	447.054293415479	15.0173276857913	21.5633423180593	0	0	0	0	17.3276857912977	0	0	447.054293415479	228.340392760878	0	0	41.2013862148633	25.0288794763188	0	423.565652676165	59.6842510589141	0	63.5348479014247	1.92529842125529	374.278013092029	0	362.726222564498	3.85059684251059	0	123.219098960339	0	15.4023873700424	140.161725067385	18.4828648440508	269.541778975741	0	15.0173276857913	5.39083557951482	293.415479399307	0	89.7189064304967	0	3.85059684251059	165.190604543704	0	29.2645360030805	6.93107431651906	67.0003850596842	0	16.5575664227955	0	5.39083557951482	1.15517905275318	132.845591066615	124.374278013092	224.874855602618	249.133615710435	0	1.92529842125529	231.420870234886	20.0231035810551	0	162.495186753947	34.6553715825953	0	48.5175202156334	59.2991913746631	214.093184443589	0	2.69541778975741	0	0	35.0404312668464	0	192.914901809781	0	7.70119368502118	8.08625336927224	0	87.0234886407393	15.0173276857913	24.6438197920678	58.529072006161	3.85059684251059	6.93107431651906	32.345013477089	0	0	0	27.7242972660762	0	141.70196380439	135.155949172122	41.2013862148633	137.081247593377	130.92029264536	6.546014632268	23.4886407393146	41.5864458991144	71.2360415864459	0	3.46553715825953	0	0	4.62071621101271	8.4713130535233	0	0	0	101.65575664228	0	11.5517905275318	32.345013477089	0	27.3392375818252	0	0	0	80.4774740084713	13.8621486330381	0	42.7416249518675	0	0.770119368502118	0	0	0	0	0	35.0404312668464	15.7874470542934	10.0115517905275	0	0	22.7185213708125	0	0	0	42.3565652676165	0	0	38.1209087408548	0	0	16.5575664227955	5.39083557951482	0	0	0	0	0
82-A	0	1683.55596499309	269.461077844311	0	0	0	0	0	0	0	0	584.523261169968	475.817595578075	163.519115614924	0	0	99.032703823123	52.0497466605251	789.958544449563	0	0	0	50.2072777521879	187.010594196223	121.142330723169	0	0	0	0	0	63.1045601105481	64.486411791801	0	0	0	51.5891294334408	0	26.2551819438047	0	6.9092584062644	106.402579456472	0	0	0	88.8991248272686	77.3836941501612	0	0	0	0	52.9709811146937	242.284661446338	661.906955320129	20.7277752187932	0	45.1404882542607	678.949792722248	0	0	18.4246890833717	180.101335789959	121.142330723169	29.0188853063105	0	0	0	0	22.1096269000461	331.183786273607	52.5103638876094	194.380469829572	0	22.5702441271304	0	0	136.803316444035	0	93.9659143251958	0	0	0	18.885306310456	0	0	0	446.798710271764	0	0	0	0	0	38.2312298479963	0	0	0	0	0	0	0	0	0	0	0	0	0	0	0	24.8733302625518	0	0	0	14.7397512666974	2.76370336250576	0	70.9350529709811	0	0	0	0	0	0	0	58.0377706126209	0	0	0	154.306771073238	0	0	0	0	240.442192538001	0	0	0	35.4675264854906	0	0	0	45.601105481345	0	0	18.4246890833717	0	0	0	0	37.3099953938277	0	0	0	0	0	0	0	0	0	0	104.560110548135	15.2003684937817	135.882081989866	0	25.7945647167204	0	0	0	0	0	0	0	0	1.38185168125288	0	0	101.335789958544	0	31.7825886688162	0	0	0	0	79.6867802855827	0	0	46.5223399355136	0	0	0	0	0	0	58.9590050667895	0	0	0	0	0	0	0	0	0	0	0	0	0	0	0	0	12.4366651312759	0	0
90-A	115.073704232049	48.9776509747979	1678.55444602948	551.592962434617	29.9572039942939	1.9020446980504	42.7960057061341	27.1041369472183	62.2919638611507	20.9224916785544	14.7408464098906	106.514503090823	0	51.8307180218735	87.4940561103186	7.60817879220162	0	48.0266286257727	495.007132667618	0	440.323347598669	142.177841179268	57.5368521160247	9.03471231573942	0	241.559676652401	181.645268663814	13.7898240608654	0	0	32.8102710413695	163.100332857822	0	13.3143128863528	205.420827389444	1.9020446980504	0	195.435092724679	0	0	8.08368996671422	0	0	7.13266761768902	0	0	90.8226343319068	0	0	45.1735615786971	0	0	0	16.642891107941	8.55920114122682	22.8245363766048	98.4308131241084	138.373751783167	0	77.508321445554	0	0	36.6143604374703	2.85306704707561	0	0	252.971944840704	0	42.3204945316215	0	76.0817879220162	7.13266761768902	154.065620542083	0	0	193.533048026629	29.4816928197813	0	21.398002853067	27.1041369472183	19.020446980504	0	22.8245363766048	0	35.6633380884451	3.32857822158821	170.233000475511	184.022824536377	91.2981455064194	0	45.1735615786971	0	0	19.020446980504	106.03899191631	58.4878744650499	0	26.6286257727057	32.8102710413695	0	22.8245363766048	3.80408939610081	0	32.8102710413695	0	88.9205896338564	2.85306704707561	36.6143604374703	0	3.32857822158821	23.77555872563	9.51022349025202	44.6980504041845	0	0	58.0123632905373	0	67.0470756062767	30.4327151688065	0.951022349025202	0	0	14.265335235378	86.5430337612934	0	25.6776034236805	246.79029957204	38.5164051355207	0	0	59.9144079885877	0	20.4469805040418	15.6918687589158	25.2020922491679	0	48.5021398002853	73.2287208749405	0	0	0	0	66.0960532572515	0	0	21.8735140275796	2.85306704707561	0	0	0	0	0	0	33.2857822158821	0	40.8939610080837	31.3837375178317	8.08368996671422	70.8511650023776	0	37.0898716119829	105.563480741797	29.4816928197813	37.0898716119829	20.4469805040418	6.18164526866381	12.3632905373276	14.265335235378	12.8388017118402	33.2857822158821	0	18.5449358059914	0	46.1245839277223	0	0	0	3.80408939610081	3.80408939610081	37.0898716119829	0	0	0	91.773656680932	2.377555872563	6.18164526866381	0	26.1531145981931	21.398002853067	0	0	0	0	0	30.9082263433191	35.1878269139325	0	3.32857822158821	7.13266761768902	38.5164051355207	0	12.8388017118402	5.70613409415121	0	2.85306704707561	2.85306704707561	0	0	0	0	12.8388017118402
71-P	31.863814927979	1477.08424268878	878.655608904409	1182.45307725884	20.0785683107813	436.054124836316	181.580096027935	7.42034046268005	20.5150589262331	230.030554343082	96.9009166302925	758.620689655172	501.091226538629	203.841117415976	101.702313400262	0	639.45875163684	48.4504583151462	4.36490615451768	30.9908336970755	0	0	29.6813618507202	406.372762985596	0	0	5.23788738542121	15.2771715408119	0	151.898734177215	73.330423395897	57.6167612396333	13.9676996944566	380.18332605849	0	107.376691401135	125.709297250109	142.732431252728	72.8939327804452	6.54735923177652	190.309908336971	0	22.6975120034919	0	32.7367961588826	25.3164556962025	0	0	32.3003055434308	59.3627237014404	0	44.0855521606285	0	28.8083806198167	0	216.062854648625	1.74596246180707	0	0	31.863814927979	170.231340026189	180.27062418158	36.6652116979485	33.6097773897861	136.185072020952	27.4989087734614	0	101.26582278481	0	211.261457878656	0	51.9423832387604	48.0139676996945	18.769096464426	0	0	17.8961152335225	124.836316019206	0	68.9655172413793	106.503710170231	0	16.1501527717154	23.1340026189437	13.094718463553	0	57.1802706241816	0	0	66.7830641641205	120.471409864688	230.903535573985	40.5936272370144	28.3718900043649	33.6097773897861	9.60279353993889	0	10.0392841553907	50.1964207769533	0	29.2448712352684	34.0462680052379	0	44.9585333915321	0	0	0	71.5844609340899	0	4.36490615451768	0	38.4111741597556	27.4989087734614	32.7367961588826	0	54.561326931471	54.1248363160192	0	0	22.2610213880402	69.8384984722829	22.2610213880402	27.4989087734614	6.98384984722829	0	10.9122653862942	4.36490615451768	43.6490615451768	69.4020078568311	1.3094718463553	0	5.23788738542121	6.11086861632475	87.7346137058053	18.769096464426	44.9585333915321	0	17.4596246180707	5.23788738542121	19.6420776953296	15.7136621562636	28.8083806198167	87.2981230903536	23.1340026189437	55.8707987778263	32.7367961588826	0	0	0	0	0	68.0925360104758	0	30.9908336970755	0	6.11086861632475	0	3.92841553906591	12.2217372326495	0	0	43.212570929725	0	0	1.3094718463553	0	0	0	16.1501527717154	5.67437800087298	8.29332169358359	8.72981230903536	0	0	0	10.9122653862942	1.74596246180707	0	0	20.5150589262331	25.7529463116543	0	35.792230467045	41.0301178524662	0	13.5312090790048	5.23788738542121	4.36490615451768	0	5.23788738542121	0	0	0	23.5704932343955	0	0	0	0	17.0231340026189	0	0	0	0	1.74596246180707	6.54735923177652	0	0	12.6582278481013	0	0	0
97-A	0	145.151327980235	790.611488573193	0	93.8851142680667	0	0	193.946880790611	0	0	32.118591723286	409.512044471896	9.26497838171711	0	0	0	0	0	1698.57936998147	0	63.6195182211242	74.1198270537369	38.295243977764	0	467.57257566399	173.563928350834	844.348363187153	0	0	24.0889437924645	240.889437924645	53.7368746139592	29.6479308214948	27.1772699197035	1327.98023471279	0	0	174.799258801729	0	0	0	0	0	0	0	0	53.1192093885114	0	0	0	0	0	0	0	0	90.1791229153799	0	116.738727609636	36.4422483014206	405.188387893762	0	0	54.354539839407	0	0	0	457.689932056825	0	0	0	513.897467572576	0	27.1772699197035	0	0	310.685608400247	0	0	0	19.7652872143298	0	43.8542310067943	0	0	0	0	40.7659048795553	0	0	0	0	0	0	0	21.6182828906733	0	0	0	0	34.5892526250772	0	0	29.0302655960469	48.177887584929	0	34.5892526250772	0	0	0	0	0	0	56.8252007411983	0	0	0	0	0	0	6.79431747992588	0	0	0	18.5299567634342	0	0	35.8245830759728	0	0	0	61.7665225447807	0	0	0	63.6195182211242	0	7.41198270537369	53.1192093885114	0	42.6189005558987	0	0	20.3829524397776	0	0	0	0	0	0	23.4712785670167	0	0	0	0	0	0	0	0	0	21.6182828906733	0	0	0	0	71.6491661519456	0	0	165.534280420012	0	63.0018529956763	0	0	0	0	0	0	49.4132180358246	0	0	0	0	0	0	0	21.0006176652254	0	0	0	0	0	0	56.8252007411983	3.08832612723904	0	0	0	0	0	0	0	0	0	0	53.1192093885114	0	13.5886349598518	14.2063001852996	0	35.8245830759728	0	30.2655960469426
83-A	0	439.038351459645	0	0	0	0	0	0	0	0	0	0	131.940469376073	0	233.829421866056	627.074985689754	0	327.132226674299	0	0	0	0	779.049799656554	52.3755008586148	0	0	294.504865483686	0	87.2925014310246	0	0	0	0	356.897538637665	0	0	0	183.743560389239	0	0	148.540354894104	468.803663423011	0	0	0	0	0	0	0	0	10.0171722953635	411.562678878077	53.5203205495134	30.9101316542645	0	0	0	0	0	0	0	0	0	0	0	78.4201488265598	0	0	0	0	0	0	0	0	0	0	0	0	0	0	0	0	0	0	0	0	0	0	0	0	0	0	0	0	0	0	0	0	0	0	0	0	0	0	0	0	0	0	0	0	0	0	195.191757298226	0	0	0	0	0	0	0	0	0	0	163.423010875787	0	0	114.768174012593	0	0	0	0	0	0	0	0	0	0	0	0	0	0	0	0	0	0	0	0	0	109.0440755581	0	0	0	0	0	0	0	0	0	0	0	0	0	0	0	0	0	0	0	0	0	0	0	0	0	0	0	19.7481396680023	0	0	0	0	0	0	0	0	0	0	0	0	0	0	0	0	0	0	0	0	0	0	0	0	0	0	0	0	0	0	0	0	0	0
74-A	0	1080.51235132662	0	0	0	0	0	0	0	0	0	0	0	2386.09332113449	0	0	0	0	0	0	0	0	0	0	0	0	0	0	0	0	2028.36230558097	0	0	0	0	1391.58279963403	0	0	0	0	0	0	0	0	0	0	0	0	0	0	0	0	0	0	0	0	0	0	0	0	0	0	0	0	0	0	0	0	0	0	0	0	0	0	0	0	0	0	0	0	0	0	0	0	0	0	0	0	0	0	0	0	0	0	0	0	0	0	0	0	0	0	0	0	0	0	0	1.82982616651418	0	0	0	0	0	0	0	0	0	0	0	0	0	529.734675205855	0	0	0	0	0	0	0	0	0	0	0	0	0	0	0	0	0	0	0	107.04483074108	0	0	361.390667886551	0	0	0	0	0	0	0	0	0	0	0	0	0	0	0	0	0	0	0	0	0	0	0	0	0	0	0	0	0	0	0	0	0	0	0	0	0	0	0	0	0	0	0	0	0	0	0	0	0	0	0	0	0	0	0	0	0	0	0	0	0	0	0	0	0	0
79-A	65.7476139978791	115.58854718982	1650.05302226935	221.633085896076	0	0	76.3520678685048	38.1760339342524	56.203605514316	222.693531283139	0	1494.16755037116	1538.70625662778	265.111346765642	4.24178154825027	0	0	0	2680.80593849417	0	326.61717921527	0	0	897.136797454931	436.903499469777	261.930010604454	512.19512195122	0	0	36.0551431601273	142.099681866384	167.550371155885	0	18.0275715800636	0	51.9618239660658	0	602.332979851538	0	0	7.42311770943796	0	0	0	0	0	202.54506892895	24.390243902439	0	0	0	103.923647932132	0	0	0	172.852598091198	0	310.710498409332	0	0	0	0	0	0	0	0	0	0	0	0	0	0	5.30222693531283	0	54.0827147401909	258.748674443266	18.0275715800636	0	0	0	40.2969247083775	191.940615058325	58.3244962884411	0	46.6595970307529	120.890774125133	0	96.5005302226935	152.70413573701	0	0	0	0	7.42311770943796	0	8.48356309650053	58.3244962884411	0	0	0	0	21.2089077412513	0	0	104.984093319194	265.111346765642	0	0	0	36.0551431601273	68.9289501590668	0	0	0	0	0	0	0	109.225874867444	0	0	0	0	28.6320254506893	0	0	40.2969247083775	0	0	0	62.5662778366914	0	0	4.24178154825027	0	0	0	0	0	0	0	0	0	14.8462354188759	0	222.693531283139	0	0	11.6648992576882	25.4506892895016	0	0	0	0	0	11.6648992576882	0	0	148.462354188759	0	81.6542948038176	15.9066808059385	88.016967126193	302.226935312831	0	0	0	0	5.30222693531283	13.7857900318134	12.7253446447508	9.5440084835631	0	0	0	0	0	0	0	0	0	0	0	0	0	0	0	0	0	0	0	0	0	27.5715800636267	0	0	0	38.1760339342524	0	0	76.3520678685048	0	0	0	0	0	9.5440084835631	0	0	11.6648992576882	0
81-A	0	1253.22213798332	1874.90523123578	132.67626990144	184.988627748294	940.106141015921	0	0	18.1956027293404	81.8802122820318	0	0	7.58150113722517	193.328278999242	355.57240333586	0	73.5405610310842	0	243.366186504928	76.5731614859742	0	1330.55344958302	0	48.5216072782411	8.33965125094769	0	3.79075056861259	0	0	172.858225928734	6.82335102350265	880.970432145565	0	7.58150113722517	0	120.54586808188	53.0705079605762	132.67626990144	0	0	38.6656557998484	0	17.4374526156179	147.839272175891	10.6141015921152	44.7308567096285	0	1279.75739196361	49.2797573919636	0	0	208.491281273692	62.9264594389689	2.27445034116755	1124.33661865049	3.03260045489007	45.489006823351	0	10.6141015921152	63.6846095526914	143.290371493556	30.3260045489007	1041.69825625474	9.0978013646702	0	0	0	479.909021986353	0	7.58150113722517	0	45.489006823351	231.99393479909	0	340.40940106141	0	0	12.1304018195603	19.7119029567854	310.841546626232	26.5352539802881	12.8885519332828	757.391963608795	0	37.9075056861259	0	171.341925701289	11.3722517058378	0	0	71.2661106899166	676.269901440485	0	0	626.990144048522	13.6467020470053	72.0242608036391	0	16.6793025018954	0	0	0	0	12.1304018195603	37.9075056861259	0	16.6793025018954	46.2471569370735	0	105.38286580743	0	0	16.6793025018954	0	0	0	46.2471569370735	0	0	14.4048521607278	0	4.5489006823351	0	0	0	100.833965125095	131.159969673995	56.1031084154663	0	0	0	0	0	0	16.6793025018954	45.489006823351	42.456406368461	0	78.8476118271418	0	95.5269143290372	59.8938589840788	0	126.61106899166	291.129643669447	21.2282031842305	6.06520090978014	0	0	0	0	97.0432145564822	18.9537528430629	26.5352539802881	0	0	0	0	64.442759666414	0	0	7.58150113722517	0	0	0	0	0	0	0	0	0	41.6982562547384	31.8423047763457	0	0	13.6467020470053	7.58150113722517	0	0	0	0	15.9211523881729	0	0	0	0	0	18.9537528430629	0	0	22.7445034116755	1.51630022744503	0	0	0	0	0	0	29.5678544351782	40.1819560272934	0	0	0	0	0	0	1.51630022744503	18.9537528430629	0	0	0
91-A	19.8565912851627	359.624931053503	1295.64258135687	13.2377275234418	0	102.040816326531	0	0	231.108659680088	24.26916712631	0	0	22.6144511858798	15.9955874241589	141.753998896856	0	27.5785990071704	71.1527854384997	254.826254826255	0	0	0	382.790954219526	0	28.1301709873138	0	54.0540540540541	68.3949255377827	0	150.579150579151	0	489.795918367347	0	0	0	0	11.5830115830116	57.3634859349145	0	8.27357970215113	14.3408714837286	0	14.3408714837286	0	19.3050193050193	98.7313844456702	22.6144511858798	6.0672917815775	43.5741864313293	263.651406508549	143.408714837286	44.6773303916161	0	28.6817429674573	0	5.51571980143409	84.942084942085	105.350248207391	0	62.8792057363486	95.4219525648097	25.3723110865968	364.589078874793	49.6414782129068	0	0	27.5785990071704	0	0	18.7534473248759	0	32.5427468284611	552.123552123552	27.5785990071704	11.0314396028682	0	7.72200772200772	7.72200772200772	17.6503033645891	29.7848869277441	193.601765030336	7.17043574186431	0	0	202.426916712631	0	268.61555432984	0	0	8.82515168229454	12.134583563155	0	95.9735245449531	0	60.1213458356316	31.9911748483177	0	116.933259790403	135.686707115279	104.798676227248	0	0	33.6458907887479	159.955874241589	32.5427468284611	103.695532266961	0	383.894098179812	36.403750689465	43.5741864313293	0	0	18.7534473248759	51.296194153337	62.3276337562052	79.4263651406509	50.1930501930502	0	0	25.9238830667402	0	0	42.4710424710425	43.5741864313293	43.5741864313293	11.0314396028682	3.86100386100386	60.672917815775	0	0	0	0	22.0628792057363	0	11.5830115830116	61.2244897959184	5.51571980143409	0	0	131.274131274131	0	0	12.6861555432984	12.6861555432984	0	20.4081632653061	0	0	0	0	18.7534473248759	0	0	34.7490347490347	18.7534473248759	89.9062327633756	0	0	5.51571980143409	0	0	142.857142857143	0	22.6144511858798	0	0	0	0	0	22.6144511858798	7.72200772200772	47.9867622724766	0	20.4081632653061	6.6188637617209	0	0	0	0	0	0	36.403750689465	0	0	0	0	0	0	0	71.7043574186431	0	28.6817429674573	27.027027027027	0	38.0584666298952	28.6817429674573	0	0	0	0	2.20628792057363	50.1930501930502	0	0	22.6144511858798	3.30943188086045	0	0	5.51571980143409	0	0
85-A	0	639.668932899793	394.620159621638	0	0	0	0	689.624593556015	0	67.3958025421224	0	0	0	180.017735737511	0	0	480.04729530003	0	0	0	0	0	0	122.967780076855	0	0	0	663.907774164942	0	0	0	0	0	0	0	5.6163168785102	0	96.9553650605971	578.776234111735	0	0	0	0	525.569021578481	0	0	0	0	0	266.922849541827	0	0	0	0	0	0	0	0	0	0	0	0	0	0	0	0	0	0	0	0	0	0	0	0	0	0	0	0	0	0	0	0	0	147.502216967189	0	0	0	0	0	0	0	0	0	0	0	0	0	0	0	0	0	0	0	0	0	0	0	0	0	0	0	0	0	0	0	0	0	0	0	0	0	0	0	0	0	0	0	0	0	0	0	0	0	0	0	0	0	0	0	0	0	0	0	0	0	0	0	112.621933195389	0	0	0	0	0	0	0	0	0	0	0	0	0	0	0	0	0	0	0	0	0	0	0	0	0	0	0	0	0	0	0	0	0	0	0	0	0	0	0	0	0	0	0	0	0	0	0	0	0	0	0	0	0	0	0	0	0	0	0	0	0	0	0
78-P	27.6415514935354	849.308961212662	917.967008470798	229.603209986625	0	10.2541239411502	64.1997325011146	27.6415514935354	208.649130628622	238.965670976371	4.90414623272403	13.8207757467677	5.7958091841284	8.47079803834151	8.91662951404369	0	46.3664734730272	0	67.3205528310299	570.218457423094	0	630.851538118591	0	0	244.761480160499	0	0	85.1538118591173	0	45.4748105216228	0.891662951404369	277.307177886759	0	0	0	73.5621934908605	0	0	0	10.2541239411502	23.1832367365136	0	267.498885421311	0	32.0998662505573	16.4957646009808	0	466.785555060187	95.4079358002675	73.1163620151583	0	86.0454748105216	0	0.891662951404369	10.2541239411502	4.90414623272403	0	7.57913508693714	0	122.157824342399	118.591172536781	28.979045920642	278.644672313865	0	59.7414177440927	0	1.78332590280874	0	0	145.786892554614	0	13.3749442710655	84.2621489077129	45.4748105216228	0	0	72.2246990637539	174.765938475256	4.45831475702185	78.0205082478823	239.411502452073	0	13.3749442710655	29.4248773963442	140.88274632189	0	167.632634864021	39.2331698617922	0	391.440035666518	0	0	65.091395452519	0	243.869817209095	85.5996433348194	96.2995987516719	21.3999108337049	31.6540347748551	0	24.9665626393223	0	26.7498885421311	117.699509585377	0	0	3.56665180561748	44.5831475702185	0	34.3290236290682	0	0	0	138.207757467677	0	46.3664734730272	33.4373606776638	3.56665180561748	0	86.0454748105216	66.8747213553277	0	29.8707088720464	38.7873383860901	0	41.4623272403032	14.7124386981721	69.1038787338386	0	0	0	19.6165849308961	41.4623272403032	0	50.824788230049	45.920641997325	0	0	1.33749442710655	0	194.382523406152	0	26.7498885421311	14.2666072224699	0	93.6246098974588	53.05394560856	0	0	87.3829692376282	99.8662505572893	29.8707088720464	0	0	127.953633526527	104.770396790013	6.68747213553277	0	0	0	0	16.4957646009808	0	2.22915737851092	4.90414623272403	0	23.6290682122158	0	0	26.3040570664289	4.45831475702185	19.1707534551939	108.337048595631	27.6415514935354	0	0	0	0	5.34997770842622	0	0	9.36246098974588	86.937137761926	0	0	0	16.4957646009808	0	0	0	0	25.4123941150245	16.0499331252786	0	28.0873829692376	29.4248773963442	0	0	44.5831475702185	4.01248328131966	0	0	0	0	0	24.074899687918	10.6999554168524	0	0	0	0
96-A	203.846153846154	123.076923076923	1211.53846153846	157.692307692308	0	53.8461538461538	111.538461538462	50	0	16.025641025641	69.2307692307692	0	0	280.769230769231	305.128205128205	61.5384615384615	0	0	163.461538461538	30.7692307692308	27.5641025641026	0	191.025641025641	286.538461538462	0	0	523.076923076923	33.974358974359	0	40.3846153846154	47.4358974358974	102.564102564103	208.333333333333	228.846153846154	0	0	0	464.102564102564	0	0	31.4102564102564	17.948717948718	0	0	0	27.5641025641026	22.4358974358974	75.6410256410256	0	139.102564102564	0	0	0	0	32.051282051282	0	30.1282051282051	51.2820512820513	0	0	81.4102564102564	0	158.974358974359	0	0	108.974358974359	0	0	0	0	0	0	0	0	94.8717948717949	0	18.5897435897436	0	37.8205128205128	0	18.5897435897436	146.153846153846	86.5384615384615	0	12.1794871794872	0	143.589743589744	0	0	0	0	24.3589743589744	0	20.5128205128205	0	33.974358974359	26.9230769230769	42.948717948718	0	0	209.615384615385	0	0	0	0	0	4.48717948717949	3.2051282051282	0	0	0	11.5384615384615	0	0	0	112.820512820513	0	0	0	19.8717948717949	75.6410256410256	0	0	98.0769230769231	0	55.1282051282051	363.461538461538	36.5384615384615	123.717948717949	0	0	0	29.4871794871795	0	0	0	0	33.3333333333333	0	0	0	0	48.7179487179487	17.3076923076923	36.5384615384615	47.4358974358974	0	16.025641025641	25	0	238.461538461538	0	0	0	0	33.974358974359	0	0	0	0	0	0	0	0	0	0	0	0	12.1794871794872	0	0	10.8974358974359	35.2564102564103	0	0	46.7948717948718	0	29.4871794871795	25.6410256410256	0	0	0	0	0	0	0	0	0	0	0	0	0	0	17.3076923076923	0	0	0	0	0	0	0	0	0	0	0	0	8.97435897435897	0	0	0	0
90-P	262.801204819277	1101.65662650602	734.186746987952	1384.78915662651	0	0	356.174698795181	0	60.2409638554217	725.150602409639	358.433734939759	0	0	216.867469879518	204.066265060241	0	297.439759036145	28.6144578313253	36.8975903614458	0	0	129.518072289157	0	0	6.77710843373494	0	3.01204819277108	0	0	393.825301204819	0	64.0060240963855	0	0	0	3.76506024096386	0	0	20.3313253012048	0	234.186746987952	0	21.0843373493976	0	159.638554216867	0	6.02409638554217	0	186.746987951807	41.4156626506024	0	41.4156626506024	0	0	0	15.0602409638554	94.8795180722892	0	0	100.150602409639	0	351.656626506024	28.6144578313253	9.03614457831325	109.186746987952	0	0	0	0	0	0	30.8734939759036	128.012048192771	0	0	0	101.656626506024	402.10843373494	0	39.1566265060241	76.0542168674699	15.0602409638554	0	98.644578313253	106.927710843373	0	60.2409638554217	15.0602409638554	23.3433734939759	17.3192771084337	4.51807228915663	0	0	115.963855421687	54.2168674698795	71.5361445783133	21.0843373493976	0	106.927710843373	0	0	0	15.0602409638554	101.656626506024	0	9.78915662650602	0	60.9939759036145	0	0	0	39.9096385542169	0	0	0	125.753012048193	0	0	0	0	24.8493975903614	0	22.5903614457831	12.0481927710843	42.1686746987952	75.3012048192771	32.3795180722892	50.4518072289157	0	1.50602409638554	0	0	0	0	27.1084337349398	0.753012048192771	0	24.0963855421687	36.8975903614458	0	0	57.2289156626506	31.6265060240964	0	0	11.2951807228916	9.03614457831325	0	0	0	0	45.1807228915663	0	108.433734939759	0	23.3433734939759	32.3795180722892	0	17.3192771084337	19.578313253012	0	158.885542168675	0	0	0	0	0	0	0	0	0	0	0	33.8855421686747	89.6084337349398	0	12.8012048192771	0	25.6024096385542	53.4638554216867	0	34.6385542168675	43.6746987951807	57.9819277108434	0	0	0	0	24.8493975903614	22.5903614457831	0	0	0	0	78.3132530120482	57.2289156626506	0	0	8.28313253012048	0	0	0	0	0	12.0481927710843	0	0	0	0	5.2710843373494	0
91-P	155.276107162384	510.661563696009	543.466375068343	41.5527610716238	0	924.002186987425	52.4876981957354	72.1705850191361	89.6664844177146	19.6828868234008	30.6178239475123	6.56096227446692	0	35.5385456533625	0	0	34.4450519409513	48.6604702022963	27.8840896664844	115.910333515582	0	41.0060142154183	0	0	0	0	0	55.2214324767633	0	57.9551667577911	0	80.3717878622198	0	0	0	0	0	0	0	0	36.0852925095681	0	27.3373428102788	0	0	0	0	26.7905959540733	0	105.522143247676	0	203.389830508475	0	0	0	0	47.5669764898852	0	0	54.6746856205577	22.9633679606342	28.9775833788956	172.772006560962	203.389830508475	0	0	0	0	0	0	0	50.3007107709131	275.560415527611	654.455986878075	0	0	0	5.46746856205577	0	142.700929469656	129.032258064516	0	12.0284308365227	0	189.17441224713	0	232.914160743576	0	0	0	0	0	35.5385456533625	14.215418261345	25.6971022416621	18.5893931109896	0	0	141.060688901039	0	0	0	0	248.769819573537	0	0	0	78.7315472936031	0	50.3007107709131	0	0	0	24.603608529251	88.5729907053034	0	25.1503553854565	0	0	50.3007107709131	43.1930016402406	0	42.0995079278294	0	25.6971022416621	25.1503553854565	0	0	0	0	0	0	41.5527610716238	0	51.3942044833242	32.258064516129	154.729360306178	0	25.6971022416621	184.253690541279	58.5019136139967	0	0	0	18.042646254784	26.7905959540733	0	0	0	0	32.8048113723346	28.9775833788956	0	0	29.5243302351012	50.3007107709131	12.0284308365227	0	0	0	0	76.5445598687808	0	0	0	0	0	0	0	31.1645708037179	0	0	0	78.7315472936031	0	0	0	0	0	0	0	0	0	0	0	0	0	0	0	23.5101148168398	0	58.5019136139967	0	0	0	45.3799890650629	0	0	7.1077091306725	0	0	0	0	0	0	0	1.64024056861673	0	0	1.09349371241115	10.9349371241115
77-P	0	347.29381443299	1070.87628865979	173.969072164948	18.6855670103093	220.360824742268	0	69.5876288659794	94.7164948453608	85.6958762886598	0	2.57731958762887	20.6185567010309	119.845360824742	132.087628865979	0	23.840206185567	0	184.278350515464	0	14.1752577319588	112.113402061856	0	156.572164948454	73.4536082474227	0	2.57731958762887	3.8659793814433	0	0	0	315.077319587629	0	678.479381443299	0	118.556701030928	56.701030927835	72.1649484536082	0	0	4.51030927835052	1.93298969072165	0	0	0	0	49.6134020618557	134.664948453608	0	75.3865979381443	684.922680412371	171.39175257732	0	233.247422680412	0	19.9742268041237	0	65.0773195876289	40.5927835051546	0	871.778350515464	0	193.298969072165	2.57731958762887	0	0	0	43.1701030927835	0	243.556701030928	4.51030927835052	165.592783505155	0	0	0	0	66.3659793814433	0	61.2113402061856	206.829896907216	460.69587628866	0	304.123711340206	0	376.932989690722	0	106.314432989691	0	29.639175257732	585.69587628866	14.1752577319588	0	0	0	39.9484536082474	152.70618556701	0	25.1288659793814	15.4639175257732	72.8092783505155	41.2371134020619	16.7525773195876	0	0	0	0	35.4381443298969	0	0	9.02061855670103	21.9072164948454	3.8659793814433	9.66494845360825	0	0	38.0154639175258	71.520618556701	24.4845360824742	0	0	0	12.2422680412371	28.9948453608247	0	5.15463917525773	145.618556701031	146.907216494845	161.726804123711	0	0	0	0	34.7938144329897	0	91.4948453608247	67.0103092783505	55.4123711340206	0	17.3969072164948	0	67.6546391752577	0	51.5463917525773	9.02061855670103	0	0	21.9072164948454	0	0	0	0	197.809278350515	8.37628865979381	0	0	25.7731958762887	0	0	27.0618556701031	56.701030927835	0	0	0	16.1082474226804	0	0	0	4.51030927835052	0	0	0	113.40206185567	7.7319587628866	72.1649484536082	0	48.9690721649485	9.66494845360825	0	7.08762886597938	25.1288659793814	1.28865979381443	0	19.9742268041237	0	0	0	0	10.9536082474227	35.4381443298969	17.3969072164948	20.6185567010309	1.28865979381443	0	0	61.2113402061856	0	80.5412371134021	0	0	70.8762886597938	0	0	0	25.1288659793814	0	0	18.6855670103093	0	0	0	10.9536082474227
73-A	24.79815455594	322.952710495963	343.713956170704	915.801614763552	0	9.80392156862745	148.78892733564	0	0	158.592848904268	112.456747404844	63.437139561707	0	0	20.7612456747405	35.7554786620531	25.9515570934256	0	29.4117647058824	204.152249134948	9.80392156862745	23.6447520184544	40.3690888119954	376.0092272203	14.9942329873126	0	6.9204152249135	0	0	19.0311418685121	0	332.179930795848	0	769.896193771626	12.6874279123414	50.1730103806228	24.2214532871972	47.2895040369089	208.76585928489	23.6447520184544	200.115340253749	238.754325259516	5.76701268742791	0	0	7.49711649365629	65.1672433679354	0	94.002306805075	0	0	0	0	0	52.479815455594	6.3437139561707	0	648.212226066897	0	77.8546712802768	140.715109573241	0	0	7.49711649365629	0	10.957324106113	0	0	0	0	28.8350634371396	0	13.840830449827	25.9515570934256	0	0	0	0	0	68.6274509803922	25.3748558246828	53.6332179930796	81.8915801614764	50.1730103806228	115.340253748558	0	44.4059976931949	0	0	192.04152249135	19.6078431372549	0	140.138408304498	13.2641291810842	0	47.2895040369089	0	50.7497116493656	27.681660899654	8.07381776239908	68.6274509803922	0	0	0	13.2641291810842	0	29.4117647058824	15.5709342560554	0	0	0	0	24.79815455594	0	12.1107266435986	19.0311418685121	0	39.2156862745098	28.8350634371396	0	0	32.2952710495963	0	16.1476355247982	0	12.6874279123414	49.0196078431373	109.57324106113	0	0	0	0	0	6.9204152249135	84.7750865051903	0	0	0	0	50.7497116493656	0	63.437139561707	0	59.4002306805075	34.0253748558247	35.1787773933103	0	10.957324106113	0	0	0	36.9088811995386	0	0	24.79815455594	0	0	71.5109573241061	64.0138408304498	41.522491349481	0	0	0	12.1107266435986	0	0	0	0	0	77.277970011534	0	47.2895040369089	0	31.7185697808535	0	0	0	124.567474048443	0	11.5340253748558	0	20.7612456747405	0	65.1672433679354	0	0	0	0	0	27.1049596309112	0	18.4544405997693	0	4.61361014994233	54.2099192618224	0	20.1845444059977	0	0	0	0	0	51.3264129181084	36.3321799307958	0	0	0	0	0	0	19.0311418685121
89-A	0	138.364779874214	265.723270440252	0	152.51572327044	0	0	0	0	0	0	133.647798742138	83.3333333333333	583.333333333333	0	0	0	0	0	0	0	0	103.77358490566	0	0	0	89.622641509434	0	88.0503144654088	0	80.188679245283	0	0	380.503144654088	0	6.28930817610063	0	209.119496855346	0	0	0	1599.05660377358	0	0	0	33.0188679245283	168.238993710692	0	0	0	0	147.798742138365	0	0	0	42.4528301886792	0	0	0	0	0	0	0	0	165.094339622642	40.8805031446541	0	0	0	0	0	56.6037735849057	0	0	0	113.207547169811	0	0	0	0	0	201.25786163522	0	0	0	0	0	0	119.496855345912	0	0	0	0	0	0	0	0	0	0	0	0	0	0	0	0	0	0	0	0	0	0	12.5786163522013	0	0	0	0	0	0	0	0	0	0	0	0	0	0	144.654088050314	0	0	0	0	0	0	0	0	0	0	0	0	0	0	0	0	0	0	48.7421383647799	0	106.918238993711	0	0	0	0	0	0	0	0	0	0	0	0	0	0	0	0	0	0	0	0	0	0	0	0	0	0	0	0	0	0	0	0	0	0	0	0	0	0	0	0	0	0	0	0	0	0	0	0	0	0	0	0	0	0	0	94.3396226415094	0	0	0	0	0	0	0
76-A	0	186.335403726708	4701.86335403727	0	0	0	304.347826086957	0	0	0	0	0	0	130.434782608696	0	0	0	440.993788819876	322.981366459627	0	0	0	0	372.670807453416	0	0	236.024844720497	0	49.6894409937888	0	0	0	0	136.645962732919	0	0	0	341.614906832298	0	0	0	0	0	0	0	0	0	0	0	0	0	0	0	204.968944099379	0	0	0	142.857142857143	0	0	0	0	0	0	0	0	0	0	0	0	0	0	0	0	0	0	0	0	74.5341614906832	0	0	322.981366459627	0	0	0	0	0	0	0	0	0	0	0	0	0	0	0	0	0	0	80.7453416149068	0	0	0	55.9006211180124	0	0	0	0	0	0	0	6.2111801242236	0	0	0	0	0	0	0	0	0	0	0	0	142.857142857143	0	31.055900621118	0	0	0	0	0	0	0	0	0	0	0	0	0	0	0	0	0	0	0	0	701.863354037267	0	0	0	0	0	0	0	0	0	0	0	0	347.826086956522	0	155.27950310559	0	0	0	0	62.111801242236	0	0	0	0	0	0	0	43.4782608695652	0	43.4782608695652	0	0	0	0	0	0	0	0	0	0	0	0	0	0	0	0	0	0	0	0	0	0	0	0	0	0	0	0	0	0	0	0
81-P	64.2857142857143	142.857142857143	5400	35.7142857142857	28.5714285714286	135.714285714286	0	0	0	128.571428571429	0	0	100	64.2857142857143	0	0	64.2857142857143	0	271.428571428571	0	0	142.857142857143	114.285714285714	142.857142857143	0	0	0	0	0	0	0	221.428571428571	0	0	0	0	0	0	0	0	21.4285714285714	0	0	42.8571428571429	0	0	0	271.428571428571	0	0	0	0	0	0	0	21.4285714285714	0	0	735.714285714286	157.142857142857	157.142857142857	0	0	0	0	0	0	0	0	0	0	242.857142857143	0	0	0	0	0	0	0	0	0	0	0	0	0	0	0	0	0	0	0	71.4285714285714	0	0	0	0	114.285714285714	0	0	0	0	0	0	0	0	0	0	0	0	0	0	0	992.857142857143	0	0	0	0	0	0	0	0	0	0	0	0	0	0	0	0	0	0	0	0	0	0	0	0	0	0	0	0	271.428571428571	0	0	0	0	0	0	0	0	0	185.714285714286	0	0	0	0	0	0	0	0	0	0	0	0	0	0	0	0	0	0	0	0	0	0	0	35.7142857142857	92.8571428571428	0	0	0	0	0	0	0	0	0	0	0	0	0	0	0	0	0	0	0	0	0	0	0	0	0	0	0	0	0	0	0	0	0	0
76-P	1418.60465116279	506.976744186047	1123.25581395349	420.93023255814	0	0	669.767441860465	0	332.558139534884	646.511627906977	141.860465116279	11.6279069767442	44.1860465116279	44.1860465116279	148.837209302326	0	0	0	244.186046511628	0	0	0	67.4418604651163	86.046511627907	0	0	9.30232558139535	0	0	118.604651162791	0	37.2093023255814	0	0	0	0	0	118.604651162791	0	55.8139534883721	51.1627906976744	16.2790697674419	0	0	0	51.1627906976744	0	0	0	0	0	0	34.8837209302326	186.046511627907	0	0	0	0	0	102.325581395349	65.1162790697674	0	0	13.953488372093	0	0	0	0	0	0	0	0	0	0	0	0	127.906976744186	0	0	67.4418604651163	137.209302325581	25.5813953488372	20.9302325581395	0	53.4883720930233	0	102.325581395349	0	0	76.7441860465116	0	0	0	169.767441860465	0	0	0	0	0	48.8372093023256	27.906976744186	0	0	93.0232558139535	0	0	0	0	0	0	0	72.093023255814	2.32558139534884	39.5348837209302	0	0	34.8837209302326	0	0	41.8604651162791	146.511627906977	0	0	9.30232558139535	0	0	0	0	0	0	0	0	11.6279069767442	0	0	0	0	0	0	0	125.581395348837	4.65116279069767	230.232558139535	125.581395348837	0	0	0	0	58.1395348837209	0	0	0	0	0	0	0	48.8372093023256	0	0	0	0	144.186046511628	0	37.2093023255814	0	0	0	0	18.6046511627907	0	0	0	0	102.325581395349	0	0	0	0	0	0	0	0	0	0	0	0	0	0	76.7441860465116	53.4883720930233	0	0	0	0	13.953488372093	0	0	0	0	13.953488372093	0	0	0	0	0	0	0	0	0	0	0
78-A	0	471.96261682243	126.168224299065	70.0934579439252	0	21.0280373831776	0	217.289719626168	0	233.644859813084	0	77.1028037383178	0	21.0280373831776	0	0	32.7102803738318	0	974.299065420561	0	0	0	0	0	74.7663551401869	0	4.67289719626168	0	0	58.411214953271	0	72.4299065420561	0	0	0	58.411214953271	0	0	0	0	11.6822429906542	0	413.551401869159	0	0	0	21.0280373831776	53.7383177570093	432.242990654206	0	0	0	0	0	0	56.0747663551402	0	0	67.7570093457944	79.4392523364486	214.953271028037	0	0	0	0	0	0	0	0	184.579439252336	0	0	63.0841121495327	0	0	0	0	0	0	32.7102803738318	0	0	126.168224299065	67.7570093457944	0	0	0	0	0	0	0	0	0	0	0	0	0	46.7289719626168	0	0	74.7663551401869	0	0	37.3831775700935	0	37.3831775700935	0	0	0	0	0	0	156.542056074766	42.0560747663551	0	0	0	28.0373831775701	88.785046728972	0	0	0	434.579439252336	14.018691588785	0	0	0	0	0	0	0	0	0	0	0	0	0	0	0	0	0	0	0	14.018691588785	0	0	0	0	0	0	184.579439252336	0	0	0	74.7663551401869	0	0	0	0	0	0	0	0	0	56.0747663551402	0	0	0	0	0	0	67.7570093457944	84.1121495327103	0	0	0	0	0	0	0	0	0	0	0	0	0	0	0	23.3644859813084	0	0	18.6915887850467	16.3551401869159	0	0	0	0	0	0	0	151.869158878505	0	0	0	0	4.67289719626168	0	0	23.3644859813084	0	0
77-A	0	0	1533.89830508475	0	0	0	0	474.576271186441	0	0	0	0	127.118644067797	0	0	0	0	0	0	0	118.64406779661	0	0	0	0	1288.13559322034	0	0	0	0	0	0	0	0	610.169491525424	0	0	0	0	0	0	0	0	0	0	0	127.118644067797	0	0	0	0	0	0	0	0	0	822.033898305085	0	42.3728813559322	0	0	0	0	0	0	0	2347.45762711864	0	152.542372881356	0	0	0	0	0	0	0	0	0	0	0	0	0	0	0	0	59.3220338983051	0	0	483.050847457627	0	0	0	0	0	0	0	0	0	0	0	0	0	0	0	0	0	0	0	0	0	0	0	0	0	0	0	0	33.8983050847458	296.610169491525	0	0	0	0	0	0	0	0	0	0	0	0	0	0	0	0	0	0	0	0	0	0	0	0	0	0	0	0	0	0	0	0	0	0	0	0	0	0	84.7457627118644	0	0	0	0	177.966101694915	0	0	0	0	0	0	0	0	440.677966101695	0	76.271186440678	0	0	0	0	0	0	0	0	0	0	0	0	0	1050.84745762712	0	0	0	0	0	0	0	0	0	0	0	0	0	0	0	0	0	0	0	0	0	0	0
80-P	394.160583941606	401.459854014599	0	0	0	0	182.481751824818	0	0	572.992700729927	0	0	0	0	0	0	0	0	0	0	0	0	0	0	0	0	0	32.8467153284671	0	711.678832116788	0	40.1459854014599	113.138686131387	0	0	0	0	0	372.262773722628	69.3430656934306	0	0	0	0	0	36.4963503649635	0	0	299.270072992701	142.335766423358	627.737226277372	0	0	0	0	0	0	0	0	0	237.226277372263	0	0	0	0	0	0	0	0	124.087591240876	0	248.175182481752	32.8467153284671	0	0	0	0	91.2408759124088	0	0	0	0	0	43.7956204379562	0	0	0	0	0	295.620437956204	0	120.43795620438	113.138686131387	124.087591240876	0	0	0	32.8467153284671	14.5985401459854	0	0	0	116.788321167883	0	0	0	0	0	0	0	0	255.474452554745	0	21.8978102189781	91.2408759124088	0	40.1459854014599	0	0	0	0	0	0	10.948905109489	94.8905109489051	0	0	0	0	0	0	0	14.5985401459854	0	0	0	0	0	0	65.6934306569343	65.6934306569343	164.233576642336	0	29.1970802919708	47.4452554744526	0	0	0	0	0	127.737226277372	43.7956204379562	0	197.080291970803	0	62.043795620438	0	0	0	29.1970802919708	0	0	0	0	0	0	0	0	0	29.1970802919708	0	0	0	0	0	0	0	0	14.5985401459854	0	0	0	0	0	0	0	0	0	0	94.8905109489051	0	0	0	0	0	0	0	0	0	0	0	0	0	0	0	0	0	40.1459854014599	0	0	0
